ID;logFC;adj.P.Val;AveExpr
FRMPD3_S100;1,168154572;0,061499309;22,96253545
FRMPD3_S1055;2,888627366;0,043697306;9,529264431
D430041D05RIK_S2025;-0,994866402;0,018647915;12,02373731
AKAP17B_S411;-1,439557406;0,031065129;22,00992965
CUL4B_S136;-1,668465909;0,053095663;24,22003597
ZMYND8_S658;-0,511955817;0,028127596;27,63392993
BPTF_S228;-0,704695067;0,034464873;29,53532479
TANC2_S1456;1,55838184;0,014591;13,10809599
TANC2_S1583;1,479670489;0,062281659;28,78540078
GPATCH8_S1013.S1018;-1,008842671;0,019908581;26,30491319
GPATCH8_S1018;-0,752946179;0,023612694;26,82972104
ZMYM4_S121;-0,934443295;0,016527747;26,21332752
PRDM2_S638;-1,896377063;0,050226401;14,51477812
MAP7D2_Y247;0,709147278;0,080794082;29,06250867
MAP7D2_S248;0,697498693;0,049646278;27,57102776
MAP7D2_S255;2,213816849;0,030452508;19,92058273
MAP7D2_S315;0,817064756;0,054318563;30,22492466
CAMSAP1_S1069;1,931574101;0,022112522;20,10136733
KIAA1429_S133;-0,861956456;0,055325549;10,94042118
MAP7D1_S234;1,153922388;0,064305115;21,62385837
MAP7D1_S243;1,371064626;0,065914703;27,35206199
MAP7D1_S401;1,75226464;0,022000442;24,56410351
RAP1GAP_S484;1,654963437;0,048702802;29,01918565
UBR4_T2721;-0,915485907;0,027193437;23,92617977
MDN1_S4827;-1,112869175;0,001983327;19,94624834
PLCH2_T983;1,689197553;0,024780653;23,08864551
PLCH2_S987;1,067353431;0,009159547;22,60527548
SCN1A_S551;1,810665883;0,051457007;26,15949861
SKT_S1762;1,865534361;0,095406653;28,05528353
PPIG_S354.T356;-1,005647008;0,009424031;24,23828679
PPIG_S395;-1,008570795;8,86657E-05;13,57557637
ANKRD63 {ECO:0000250|UNIPROTKB:C9JTQ0}_S193;-0,863961391;0,062225368;31,41604507
FAM171A1_Y373;2,12754735;0,050226401;22,7962095
FAM171A1_Y520;2,353313706;0,003828156;10,47490384
FAM171A1_S525;1,29294063;0,016534139;24,37648026
RABGAP1_T991;-0,774935548;0,007813752;20,07810733
ARID1A_S1756;-1,121507259;0,030277769;19,87606104
UHRF1BP1L_T992;-1,627174363;0,065828327;26,61910215
HBB-BS_S13;1,448753155;0,084355975;29,42289527
MLLT6_S233.S235.S237;-1,419311422;0,081973803;23,77700346
KIF16B_S838;-1,329907389;0,057189851;24,79079586
SCN2A_S468;-0,826942494;0,050230227;25,41776487
SCN2A_S540;2,047140824;0,000931443;17,66362614
SCN2A_S710;1,300930184;0,093528329;29,63634787
SCN2A_T713;1,315919354;0,094218476;29,71081024
SCN2A_T715;1,316784613;0,093502522;29,62217391
SCN2A_S722;1,320843632;0,092682359;29,52848423
SCN2A_S1975;-0,666444399;0,064862494;16,40385682
NFX1_S147;-0,638714816;0,010126168;18,3217287
NFX1_S149;-0,758524701;0,041063826;23,42010273
NFX1_S151;-0,806206119;0,026552979;21,74700055
TMEM245_S12.S16;-1,199906991;0,030760043;24,69529156
THOC2_S1219;-1,037072003;0,030021843;16,76851131
THOC2_T1227;-0,878769189;0,022374926;18,21407489
THOC2_S1422;-0,651972942;0,071288731;32,57415081
USP42_Y601;-1,48442949;0,006508869;13,38134921
USP42_S609;-0,999302481;0,052043206;4,993237826
USP42_S936;-1,286087483;0,063772261;23,22201245
CAD_S1859;-1,027212574;0,070245242;32,58966082
PHF3_S377;-0,584491493;0,056661149;30,84813126
PHF3_Y1908;-0,806935854;0,043290604;18,8152417
APBA1_Y242;-0,884498582;0,065737899;31,13705671
EP300_T1034;-1,310821408;0,022227373;15,10123451
EP300_S1715;-2,294514787;0,041724727;18,57032193
LY6G6F_S273;2,23699816;0,062381496;24,36484166
PPFIA1_S239;-0,675343974;0,026620755;22,93144258
PPFIA1_S242;-0,894764799;0,014046799;20,94480926
PPFIA1_S244;-0,669742712;0,050226401;24,69805945
RBM25_S578;-1,055416503;0,045734772;28,66535338
PDZD8_S532;3,23430798;0,00100409;17,62016182
MTX3_S284;1,455010004;0,003984158;20,17280657
AKAP5_T220;0,585244332;0,080052397;33,14445187
DGKI_S930;1,479234727;0,085661726;29,57111396
DGKI_S931;1,393983984;0,093440015;30,27319762
ARHGEF26_S390;-0,793464705;0,074231775;28,36446251
CCDC6_S247;-1,099572044;0,043697306;22,98262915
SHANK1_S4;-1,821504691;0,044907577;24,00568422
SHANK1_S61.S63;1,711161946;0,04924397;21,31432058
SHANK1_S63;1,699963372;0,059349114;29,58018252
DDX23_S108;-2,449120159;0,015087455;11,14721262
MKI67_S2980;-2,088034166;0,015252707;23,06255118
RSF1_S232;1,146540013;0,074259742;27,69515689
RSF1_T240;1,037910905;0,095773158;29,87436376
PCDH10_S921;-0,964387818;0,007153983;21,33371045
PCDH10_T926;-0,958019842;0,088119267;32,21978334
FAM98C_S129;-0,393091567;0,074662706;28,99201474
CHD2_S1806;-0,630799722;0,027673822;19,36153699
SCAF11_S857.S859;-1,097599575;0,07099131;32,18268279
IRF2BP2_S343;-0,758202873;0,026333744;27,36188884
ICE1_T1607;1,173227788;0,030315903;16,84406808
ICE1_S1820;-1,176237216;0,010882363;9,842746998
GM15800_S1568;1,108521428;0,085191489;29,49530255
ELMSAN1_S456;1,869037862;0,055059423;25,30778339
ELMSAN1_S915;-0,74460568;0,080756832;28,38424856
CEP350_S1641;-2,762180103;0,00036826;11,52569143
AKAP13_S2692;-1,342638639;0,009866079;21,07523765
2010300C02RIK_S194;1,004008123;0,044890025;29,58706702
2010300C02RIK_S197;0,911100077;0,098242457;35,08106129
2010300C02RIK_S570;-0,662162112;0,022023003;23,5756581
RYR2_S2357;-0,774625305;0,063591296;28,11782489
RYR2_S2367;-0,661808375;0,009666916;20,08063745
RYR2_S2368;-0,732665901;0,007136511;19,13451812
RYR2_S2813;1,120399718;0,050462551;23,88707781
TRIP11_S1888;1,640898299;0,083880549;33,79119233
RNF213_S2234;-1,475132412;0,069330146;29,91280166
NOLC1_S394;-1,439420246;0,027312646;26,87983696
NOLC1_S563;-0,795680952;0,021394687;27,19280664
SETD2_S753;-1,166324912;0,094218476;28,90867599
AHNAK_S4890;1,816592125;0,028153894;25,3994387
AHNAK_S5522.S5525;-0,895022082;0,090402827;30,00065853
AHNAK_S5522;-1,176416829;0,022185463;18,1343466
AHNAK_S5525;-1,958846663;0,093839455;31,34795946
SRSF11 {ECO:0000313|ENSEMBL:ENSMUSP00000113685_S510;-1,525072264;0,070927142;31,56494274
PLEKHA5_S1025;1,360038798;0,023208112;23,61355952
PLEKHA5_S1026;0,972217898;0,006491216;18,83617541
PLEKHA5_T1027;1,316858423;0,008094328;19,87070067
BOD1L {ECO:0000312|MGI:MGI:2444804}_S2551;-0,843463589;0,08540934;25,79863522
BOD1L {ECO:0000312|MGI:MGI:2444804}_S3010;-2,238001187;0,007537491;20,27897308
TTC7B_S202;1,377037654;0,049646278;29,11979392
ZC3H13_S77;-0,720715326;0,008094328;22,80009108
ZC3H13_T82;-0,682007308;0,04116698;25,29673801
ZC3H13_S110;-0,698674489;0,052009368;30,1751219
ZC3H13_S334.S347;-2,099373178;0,06719743;23,66267506
ZC3H13_S340.S347;-1,581943267;0,053975561;25,18519786
ZC3H13_S345.S347;-1,564366556;0,049722133;27,88608991
CACNA1I_S958;0,836962876;0,037194472;27,52381332
CACNA1I_S963;0,75388095;0,050343142;26,02952793
DNAJC21_Y275;-0,709258808;0,042379108;21,68300035
DENND4A_S1241;0,388330737;0,084090648;21,79561406
KIDINS220_S1621;-1,469352204;0,086106115;14,43915812
FBRSL1_S934;-1,874635324;0,053508942;14,95057058
RAPH1_T190;0,976644222;0,0833031;7,650100273
SYNGAP1_S117;3,559366649;0,074005097;17,57253132
SYNGAP1_S990;1,211624274;0,093386084;32,6235857
SYNGAP1_S1156;1,160143438;0,008964221;22,27652069
SYNGAP1_S1162;1,740104811;0,002268033;19,22138993
SYNGAP1_S1167;1,272203096;0,03755501;27,04947296
FRYL_S2455.S2458;1,433669996;0,012519874;14,14596891
SCAPER_S831;-0,934928533;0,084254455;31,81645183
PCF11_S495;-1,200561242;0,060470263;27,29306208
RAB11FIP2_S277;2,147287635;0,08540934;14,36749643
ATP2B1_S17;1,497344177;0,045778631;28,69361852
TRIP12_S312;-0,926388197;0,018539702;25,11926096
PPP1R9A_S160;-1,318047736;0,011434865;20,91162825
S1PR1_S351;2,257324674;0,020937046;21,77835696
BIN1_S296.S298;-0,537662623;0,096148727;34,34525496
BIN1_S298.S304;-0,951727146;0,001286881;17,06241048
BIN1_S298;-0,416076145;0,042983424;27,75533266
DPYSL2_T462;-1,052595319;0,056518646;24,68148668
DPYSL2_S465;-1,034254906;0,098242457;31,29160207
DPYSL2_S522;-2,603533125;0,003948571;17,0174512
UBE3A_S8;-0,502583862;0,043178912;28,47404517
TCOF1_S1191;-0,671714063;0,034541263;28,4105359
EEF2K_S469;-0,937334734;0,021270552;23,09519877
NUMBL_T269;1,168269515;0,020113133;22,05503318
NUMBL_S270;1,08511963;0,016105023;21,53520616
ATN1_S34;-0,875769699;0,057189851;29,57241838
ATN1_T654;-2,240828477;0,034933699;17,5696071
CLCN6_T25;-0,708322006;0,098606645;32,56216103
CLK3_S157;-0,942141051;0,001030863;17,27272103
STX1A_T10;-0,614692953;0,037194472;29,05765162
FYB1_S203;1,033672416;0,07195782;22,62033575
DAXX_T523;-1,269835857;0,005323862;21,45850737
AP3D1_S754;-0,650029596;0,027631523;22,05796836
AP3D1_S755;-0,562899408;0,013793243;23,95088389
AP3D1_S755.S760;-1,098355806;0,072100163;6,722169764
AP3D1_T758;-0,406052806;0,006428286;21,4412597
AP3D1_S760;-0,464026315;0,009027838;22,43375424
SRPK2_S601;1,399421826;0,087656361;30,81496108
ATP10A_S470;-1,412552272;0,0009512;5,93881798
REPS1_T478;2,046748617;0,072720947;24,3924968
REPS1_S561;0,869265632;0,059339438;23,99898771
AKAP2_Y30;2,004628176;0,053760671;24,31710722
SEMA6B_S796;0,954483345;0,079388456;29,42209425
BNIP3_T66;-1,09149478;0,012681842;19,59699025
PGRMC1_Y180;-0,579402869;0,043697306;29,8133319
PGRMC1_T190;-0,384849269;0,059856546;32,4567459
BCKDK_S31;-0,496199262;0,054504406;28,19047724
IMPACT_T130;-0,759046704;0,049926888;28,63065929
IMPACT_S137;-0,912006388;0,037472005;28,24548132
SEPT7_T72;1,324165074;0,056518646;27,32148713
SEPT7_Y79;1,05040091;0,070245242;30,76539615
PIP5K1C_S554;0,621622276;0,027631523;26,2529646
STMN3_S50.S53;-1,500499486;0,007491339;19,65957897
STMN3_S81;-0,901681707;0,011230121;24,26076818
SGCE_T353;-1,186356815;0,073937211;26,80610193
NMT2_S61;-1,896560715;0,013793243;10,68661928
NMT2_S66;-1,390936235;0,003984158;10,5913003
NMT2_S72;-1,020870284;0,022185463;18,14755552
EPB41L2_S698;-0,982171535;0,027246434;27,12567777
STX7_S129;1,297411775;0,090331107;24,63700954
VAMP4_S30;-1,32595981;0,029915475;26,50401729
HCN4_S1093;1,532775845;0,02944596;7,614487314
HCN4_S1097;1,662585757;0,071603762;24,23941986
ZNF326_T274;-2,231465427;0,019924762;14,50483009
CTNNAL1_S373;-0,562277995;0,096148727;34,23510691
SLC4A4_S61;-1,356641583;0,053095663;23,17914314
SLC4A4_Y64;-1,264010211;0,024379839;20,62666195
SLC4A4_S65;-0,887400026;0,05250746;26,80871481
KLC2_S443;2,187144241;0,075200591;23,0366535
ZNF106_T1389;-0,730095404;0,084110685;32,65433079
DNMT3A_S102;-0,966618018;0,071192263;31,59645368
ZFR_S1054;-0,617127026;0,002195012;19,83368589
COPS3_S415;-0,479097056;0,093440015;27,81475347
HNRNPA2B1_S29;1,72996305;0,053095663;28,31215634
HNRNPA2B1_S85;1,525252764;0,024395926;22,55847277
BSN_S779;1,189075337;0,055794224;28,35575771
BSN_S781;1,361099991;0,042240436;26,90923136
BSN_S1236;1,460086742;0,094010138;29,68228571
BSN_S1482.T1495;-0,931785109;0,068209778;12,45093887
BSN_S1482.S1497;-0,773879482;0,032914305;12,08979851
BSN_S2647;-6,360217835;0,01139312;4,283271885
BSN_S2658;-3,86562129;0,004212563;13,2020036
BSN_S2660;-3,974254794;0,073937211;22,85683868
BSN_S3519;-0,836452543;0,07195782;31,87488716
TOM1_T154;2,451831677;0,056486606;25,50856351
TOM1_S160;2,346622181;0,001093449;17,57104237
TOM1_T164;2,105283824;0,009200524;21,5632549
TOM1_S462;1,218394227;0,00145919;15,81372296
TOM1_S472;1,394918586;0,011777601;20,2752887
CCNK_S341;-1,203188813;7,20011E-05;15,12525373
MPP3_T513;1,772923754;0,071384555;27,29575228
MPP3_S520;1,745224473;0,074538466;27,72577039
SYN1_S9;2,75096814;0,055927119;26,72636185
SYN1_S436;1,005480677;0,033660514;28,43633807
SYN1_S437;0,946148175;0,024784998;26,53529644
SYN1_S438;0,686359959;0,02075683;26,36522049
SYN1_S551;3,421107571;0,027193437;23,04640381
SYN1_S551.S553;3,888918751;0,000246409;13,3293724
SYN1_S553;1,698451033;0,000501735;14,20821822
ZBTB7A_S331;-1,12335322;0,001086784;14,51992809
CPD_T1365.T1367;-1,001545123;0,090402827;32,10957095
CPD_T1367;-1,776902143;0,073497136;13,09188856
CA2_S73;1,327261431;0,056309185;22,29549935
CA2_Y114;1,255561535;0,018733877;22,1638086
HBA_S50;1,78419564;0,04282606;26,35571424
HBA_S53;2,28501687;0,000378934;15,14679484
HBA_Y141;1,272012142;0,071621436;29,1160543
MBP_T167;0,927451951;0,02754629;24,41183646
SLC4A1_S18;2,191535645;0,040266102;24,02343233
PTPRC_S1229;-0,44626458;0,095497571;34,78455458
ENPP1_Y243;1,502460291;0,070532601;30,0411967
HSP90AA1_S252;0,92650248;0,027312646;27,61876144
HSP90AA1_S263;0,507905103;0,013531371;25,97959453
SOD1_S99;-0,487358648;0,075732675;29,10731381
NEFL_S473;1,409138928;0,028153894;27,82756004
NEFL_T506;2,573396697;0,025403299;17,48501059
NEFL_S523;0,944127768;0,062281659;29,89652711
NEFM_S502;1,507572813;0,034825061;28,19559256
NEFM_S715;-0,620879802;0,005483809;23,33365732
PGK1_S203;1,289606959;0,080746982;32,64032937
JUNB_S256;-1,218665028;0,087741166;24,42473587
WIPF3_T357;2,332799041;0,091238714;19,44282923
MAPT_Y489;-0,781057055;0,071603762;29,49229599
MAPT_S490;-0,698165295;0,094425779;30,39143775
MAPT_S494;-0,7203704;0,070793696;28,46322099
MAPT_T497.S500;3,017759982;0,008117771;6,503002634
MAPT_T504;2,087522042;0,031289736;22,04291393
MAPT_S506.T509;2,022369202;0,0708748;30,07502236
MAPT_T509;1,768540071;0,048532476;29,28036228
MAPT_T512;1,999245283;0,005463476;19,26790327
MAPT_T523;1,669064123;0,000787297;18,15415983
MAPT_T523.S527;2,638247866;1,40808E-05;11,11241752
MAPT_T523.S529;2,339072336;0,024618917;20,67602471
MAPT_T523.S531;2,51536989;0,001771339;16,75643801
MAPT_Y686.S688;-1,287936132;0,098606645;30,15375037
MAPT_Y686.S688.S692;1,990373931;0,051970135;23,0257088
MAPT_S688.S692.S696;1,164928043;0,015087455;19,14217665
SPP1_S228;-2,235165753;0,039550921;18,23957432
SPP1_S231;-2,038899884;0,01423931;21,02778057
SPP1_S234;-1,568406559;0,022374926;20,96765528
SPP1_S238;-2,034801195;0,000378934;13,03984226
PARP1_S781;-1,169188421;0,098606645;31,82712363
HSP90AB1_S255;-0,670788512;0,004286645;22,73325121
HSP90AB1_S261;-0,654282622;0,079624313;34,14232982
HSP90AB1_S468;-0,914080219;0,05780286;22,54685781
DMD_S3483;1,558826435;0,084553865;30,89504124
CAMK2A_S330;-0,541536151;0,011150824;21,86402205
CAMK2A_S331;-0,609841029;0,065906959;31,02852673
CAMK2A_S333;-0,462202901;0,020776941;26,42839696
CAMK2A_T334;-0,533456972;0,005105798;22,83338983
CAMK2A_T334.T336;-1,006156271;0,082344602;31,04345465
CAMK2A_T336;-0,501353057;0,004212054;22,25315955
CAMK2A_T337;-0,550627473;0,065906959;32,55326545
ITPR1_S1588;-0,787614037;0,066427003;21,89592789
TCP1_S544;-0,795351017;0,02686244;26,01498168
TCP1_S551;-0,667306293;0,071603762;31,53771874
DNMT1_S146;-0,798737625;0,073982074;31,0106929
DNMT1_T149;-0,880353752;0,055135299;27,11397335
DNMT1_S150;-0,698393798;0,067286644;30,47604178
DNMT1_S187;-0,552373572;0,038288725;28,3562369
MDH1_S165;-0,87353289;0,087656361;29,78135555
MAP1B_S561;-0,641263623;0,048702802;29,94676317
MAP1B_S828;-0,810351707;0,022185463;21,54505412
MAP1B_S829;-0,506630587;0,094863246;35,09147091
MAP1B_S1141;-1,10009951;0,039858782;23,25048412
MAP1B_T1144;-0,979106674;0,047782648;24,36266054
MAP1B_T1149;-1,075936664;0,022185463;19,25642202
MAP1B_T1160;-2,466963192;0,029653006;20,79486614
MAP1B_S1391;1,742266918;0,008554964;16,35469668
MAP1B_S1401;1,701694294;0,008982029;16,48221754
MAP1B_Y1405;1,713905409;0,002492774;13,55141642
MAP1B_S1497;0,74007775;0,024403377;27,38600027
MAP1B_S1671;1,391862814;0,068209778;22,14014032
MAP1B_S2261;1,540144413;0,058851168;25,82996482
MAP1B_S2267;1,311671327;0,000787297;17,64333891
BPGM_S118;0,795807231;0,068402548;32,29548101
BPGM_Y119;0,757966602;0,029720789;28,59579575
BPGM_T122;0,903275315;0,002494273;20,6267893
BPGM_Y137;0,851153734;0,063772261;31,89578816
CHGB_S318;0,99933839;0,039962866;28,75092971
PRKCE_S337;-0,945012685;0,021370268;26,37183795
SLC4A3_S296;0,726342718;0,098606645;33,37679546
CNP_S284;2,403766018;0,092139534;30,15126129
HMGA1_S102.S103;-2,326292753;0,091618435;27,64748639
TPI1_S97;1,987143416;0,071384555;20,28590801
NEFH_S571.S577;-0,785355911;0,081662005;33,4189792
NEFH_S709.S715;-0,505175228;0,096148727;35,7304222
NEFH_S757.S763.S769;1,100334063;0,00162234;15,67558462
NEFH_S859;0,882850121;0,000787297;16,68474376
VIM_T417;-0,970063876;0,002494273;13,61666484
MAP2_T506;3,039324288;0,042379108;18,66037208
MAP2_S938;-0,768054188;0,065984849;32,17031226
MAP2_S942;-0,843563855;0,073497136;28,84359002
MAP2_S969;1,883281854;0,050230227;26,95852075
MAP2_S1013;-1,743403113;0,027466871;23,60179214
MAP2_S1264;3,103916121;0,037407461;15,7059955
MAP2_S1560;1,120191142;0,008094328;22,09722319
MAP2_S1567;1,217614341;0,012995773;10,465535
MAP2_S1572;1,311857175;0,079997444;28,26350037
MAP2_S1573;1,192217121;0,081233555;25,3406137
MAP2_T1650;1,177462782;0,001624498;19,7786349
MAP2_S1728;-1,166661425;0,049381328;22,64680213
MAP2_T1781;0,431664387;0,058507455;31,30153784
MAP2_S1783;0,492909929;0,02884025;27,96962038
MAP2_S1785;0,434857658;0,056950909;30,68982836
MAG_T543;1,417096223;0,038288725;23,05062107
MAG_S545;1,484536276;0,02754629;23,65800337
MAG_S547;1,401166727;0,013965029;17,06642855
MAG_Y558;1,438023883;0,056543487;28,47763855
MAG_S559;1,076641439;0,018587621;22,8163139
LMNB2_S425;-0,337503094;0,085233778;33,06990575
LMNB2_S427;-0,380738145;0,037228732;28,58621674
LMNB2_S429;-0,570474597;0,067589029;26,8760615
GJA1_S365;0,684473329;0,041159506;16,25339147
CRYAB_S76;1,584822506;0,070396746;30,79753248
TH_T464;1,455913579;0,006349841;17,39238304
TH_S472;1,822265218;0,014591;23,41142704
IMPDH2_S416;-0,917999574;0,082944277;27,7899345
M6PR_S268;-1,909556163;0,03139625;22,07279591
CDK11B_S47;-0,630788798;0,022375249;26,02806647
MCM3_S701;-1,285356005;0,096148727;30,58892396
MCM3_S732;-2,37281412;0,014441719;13,06192993
RPS2_S77;1,897873503;0,076931136;31,34398638
TLN1_S425;-1,349253929;0,003736136;20,45980039
U2AF2_S79;-1,204600282;0,000378934;17,22122083
MARCKS_S27;-0,742755126;0,005483076;22,08465019
MARCKS_S29;-0,918481888;0,05250746;27,24786372
MARCKS_S140;0,499332541;0,051496085;30,3788179
MARCKS_S141;0,599553195;0,029903977;25,93381203
MARCKS_S163;1,162663166;0,011230121;21,42825381
MAP4_S667;0,624893527;0,093528329;34,73635053
PLAA_S50;-1,063591422;0,019274316;18,53911296
RASGRF1_S837;-0,474035403;0,059575658;30,17609622
BRAF_S135;1,291708172;4,2562E-05;12,88970877
BRAF_S599;1,122380274;0,002494273;9,477956036
BRAF_S601;1,140895305;0,030297071;23,20456932
KIF5C_Y930;2,612030539;0,00136624;18,41108143
KIF5C_S934;0,92009186;0,000823177;16,72589109
KIF5C_T936;1,092449869;0,002904785;19,15071084
KIF2A_S585;0,783943907;0,060131229;32,29889169
PRKCD_S652;3,439412216;0,004913552;7,600649757
CKMT1_S416;2,079610066;0,075200591;23,04073069
CDK4_S300;-0,7066899;0,094863246;33,6519448
KIF1A_S1093;1,430546365;0,044113361;28,12777276
KIF5A_T938;1,59986078;0,037665391;21,03240156
USP4_S675;-1,216229649;0,073326252;27,56701408
PTPN11_S142;1,349439475;0,009608418;14,65532741
CRHR1_S386;-2,120876535;0,009427334;17,44248478
PDHA1_S300;-0,864734719;0,088119267;32,68127459
FBL_S130;-1,252062714;0,064862494;28,7220533
CANX_S553;-0,710096337;0,049795223;29,43589462
CANX_S563;-0,876627681;0,072799032;31,98581774
RFC1_S244;-1,298151846;0,01468287;22,69746827
RFC1_S252;-1,000743615;0,037472005;22,05657943
RFC1_S253;-0,965425149;0,022375249;20,28259879
SOX5_Y23;-0,771912607;0,058757085;15,66675859
PTPN12_S19;-1,040658673;0,02754629;19,30511679
PTPN12_S567;-1,50872862;0,075732675;26,03177914
PTPN12_S568;-1,200381412;0,037985683;22,14145903
GNL1_T48;-0,439536438;0,00033125;16,86378061
GNL1_T50;-0,408535487;0,010914727;22,9468083
GNL1_S51;-0,419402475;0,000378934;17,54329736
GNL1_S55;-0,517114032;0,000355419;16,69187842
GNL1_T57;-0,540531371;0,000237695;16,52062926
HSF1_S303;-1,563198002;0,006326384;18,32560039
DNM1_S512;-0,684977981;0,063992114;30,81744944
TJP1_S131;-0,716258053;0,053346184;30,66885218
FYN_T15;-0,559909969;0,098606645;25,49491125
HTT_T1546;-1,468646948;0,05780286;26,42534039
CCT8_S537;-1,686715415;0,054504406;23,35493808
SLC1A2_S21;-0,497930224;0,077173439;31,97886632
SLC1A2_S24;-0,845593472;0,001105429;17,74283476
SLC1A2_S24.S25;-0,847831899;0,002674015;19,39022845
H1-3_T18;2,575495108;0,042740754;23,66450236
CREBBP_S1067;-2,130698956;0,057624804;22,50834812
CREBBP_S1068;-2,530026231;0,043697306;18,88927561
CREBBP_T1071;-1,795104185;0,086458214;27,18251899
CREBBP_S1077;-1,621977478;0,080182618;27,47233436
SIPA1_S72;-0,563388682;0,074832205;31,55661964
SYT1_T201;2,752316802;0,049670296;25,31580761
SYT1_Y229;1,257702634;0,019036162;24,33811307
SYT1_S235;1,64794527;0,037407461;25,6179143
VPS4B_S102;-0,636027624;0,002492774;21,54996188
INA_S440;1,284690859;0,093901614;32,70410727
INA_S445;1,395626144;0,0833031;32,18450997
RPH3A_S679;-1,130198938;0,003062062;18,72827026
RPH3A_S680;-0,990674783;0,028021363;25,80531482
GSR_T289;1,6283164;0,005463476;21,42384229
MAP2K4_S88;0,928064495;0,016527747;26,23641327
MAP2K4_T96;1,009962103;0,023701025;27,08689161
WEE1_S66;-1,617210065;0,043405756;21,86571687
SCG3_S40;-0,857311916;0,022508131;25,19574203
LMNA_S390;1,561309124;0,027193437;25,76273113
LMNA_S390.S392;-0,652986824;0,087160217;33,13409813
HSPA4L_S579;1,889724084;0,013306523;22,44600313
HNRNPA1_S6;-0,426677179;0,016872547;25,62738975
HNRNPA1_T25;1,123174949;0,084090648;25,63993096
PCYT1A_S343;-0,538489286;0,094989613;26,7654747
PSEN1_S357;-1,51498431;0,074299005;22,93680832
BCKDHA_S334;-0,31882844;0,036114802;25,77902151
CAST_S473;-0,701403599;0,094583219;34,07119132
CAST_T479;-0,937977165;0,017304873;24,68207991
CAST_T484;-2,126422632;0,032791692;18,9612978
RAB7A_S72;1,044938151;0,060333274;22,82124758
RAB7A_S111;1,801694937;0,070245242;28,39882432
HDGF_S128;-0,914717195;0,083981116;26,88656481
HDGF_S132;-1,084210988;0,000237695;10,64604771
HDGF_S132.S133;-0,804254288;0,025240678;25,59817758
HDGF_S133;-1,31761329;0,001812916;14,64862124
EFNB2_S271;1,292703861;0,057189851;31,29700089
SLC16A1_S210;-0,612966251;0,077185901;32,44881985
STMN1_S16;1,672980705;0,023577333;26,60561679
STMN1_S25;2,356465695;0,000378934;16,15759355
STMN1_S38;0,47131281;0,022375249;28,19132832
MSH6_S252;-0,903653343;0,081777499;32,04096598
ADSL_S438;2,722661491;0,075485294;17,77594798
SLC12A2_T259;1,226515294;0,063772261;29,82282997
SLC12A2_S933;0,764392726;0,009658494;22,63326617
SH3BP1_S535;-1,138191753;0,030810662;27,57108599
STMN2_S62;1,878927898;0,017041536;25,18666875
GOLGA3_S60;-0,845812542;0,028980648;25,96051308
GP1BB_S186;1,564157943;0,02244506;23,81938205
GP1BB_S191;1,413032946;0,079707806;29,9487849
GP1BB_T193;1,733181689;0,029340769;25,06281013
SLC1A3_S512;-1,013345701;0,020053071;24,34441409
EEF1D_T125;-0,877748078;0,021480471;24,84473533
PAXBP1_S193;-1,04208962;0,013470126;15,78364661
_S82;-0,818514656;0,042983424;22,84094781
TNKS1BP1_S178;1,226081595;0,089552385;32,78672862
TNKS1BP1_S796;1,201686141;0,005258531;5,376356818
TNKS1BP1_S807;0,907920114;0,039381373;22,31884096
TNKS1BP1_S1017;0,986794447;0,003176349;17,90652921
TNKS1BP1_S1022;1,186010879;0,007044162;20,03645612
TNKS1BP1_S1024;1,066168131;0,011777601;20,65354653
TNKS1BP1_T1025;0,924000088;0,018900875;23,21575154
TNKS1BP1_S1028;1,03682969;0,020814844;23,31614977
TNKS1BP1_S1657;0,918379336;0,072100163;28,68477929
SASH1_S83;1,226542551;0,062381496;29,91621766
PLP1_T116;1,56419007;0,086458214;28,99150243
DNAJC5_S12;0,602268417;0,027174;25,11860327
STX1B_S10.S14;1,294111924;0,091558606;33,63314987
STX1B_S14;1,033305288;0,000355419;18,58696498
HNRNPK_S36;-1,494071264;0,016105023;13,55341465
HNRNPK_S214;1,552945735;0,046137449;27,99667578
HNRNPK_S216;1,451746544;0,091187804;33,98743341
RPS8_T130;-0,789668681;0,064532074;30,14801977
ABI2_T294;2,853797233;0,004840122;9,519283922
RPS3_S224;-0,856050412;0,071603762;26,50076994
TRA2B_T201;0,651848918;0,094769241;35,62798221
TRA2B_T203;0,947759868;0,080611121;33,11497977
DNAJA1_S112;1,386996887;0,084145291;32,82453766
DNAJA1_T114;1,787229331;0,067163831;21,978881
MAPK1_T183;1,141163433;0,007258293;20,41684571
MAPK1_Y185;1,361877519;0,009678554;21,50312311
PPP3CA_S462;1,313946987;0,041063826;29,75548076
RASGRF2_S726;1,20885453;0,019860119;20,3231213
RASGRF2_S745;1,592399215;0,030261935;25,77371246
TP53BP1_T548;-0,651361937;0,098327461;30,7518405
TP53BP1_S555;-0,682525159;0,089234304;29,90591648
TP53BP1_S557;-0,673255095;0,094012225;30,34660422
TP53BP1_S1115;1,333741425;0,071384555;17,20840772
TP53BP1_S1359;-2,452514691;0,036153708;17,74597048
CDH10_Y779;-0,819574807;0,027246434;20,27957925
CDH10_S784;-0,770962018;0,012995773;17,69750485
EVL_S327;0,80131532;0,051433455;27,09539959
EVL_S329;0,845102757;0,081717133;31,27951118
VASP_S235;-1,492336996;0,097369956;20,09001424
SPARCL1_T84;-1,558736209;0,052009368;14,75976554
SPARCL1_S261;-3,708617525;0,050143169;10,28725386
IRS2_Y734;-1,128694796;0,066264969;19,65206863
IRS2_S1151;1,610914355;0,028889067;25,73105975
IRS2_S1158;2,027403742;0,020457088;22,90371301
TNIK_T552;2,243477372;0,094218476;31,79762399
SRSF3_S138.S140;-1,303142917;0,061128567;30,51020547
MCM2_S40;-1,055446037;0,076433534;28,61567594
MCM2_Y137;-0,772676477;0,014105259;24,16619149
MCM2_S139;-0,898052498;0,004477328;21,62827772
MCM2_S140;-1,00902381;0,004152762;20,2620772
KIF20A_S527;-1,53687175;0,071603762;29,85415508
KIF20A_S542;-1,191221883;0,067886101;30,94559977
ETV6_S215;-0,777811522;0,063007225;29,73431767
G3BP2_S225;-0,260554143;0,045536329;20,84423515
LIG3_T222;-2,366332434;0,08540934;14,36492087
LYST_S2099;1,08262736;0,068374812;31,59516304
LYST_S2552;-0,82692799;0,026405373;24,97894204
LYST_T2553;-0,958714443;0,002494273;16,73537206
LYST_S2560;-0,691988382;0,03139625;25,47555733
MPRIP_S661;2,26503366;0,089552385;27,46909919
CACNA1A_S752;0,981586994;0,062257876;31,66859642
CACNA1A_S755;1,144482686;0,015678423;22,93130509
CACNA1A_S760;1,316489976;0,084524301;29,43868949
RGS14_S203;0,742425211;0,015571404;24,23419486
SMARCC1_S309;-1,244663425;0,003176349;20,92393791
SMARCC1_S327.S329;-1,206276059;0,006835137;22,64540361
SMN1_S25;-1,300964043;0,099637383;28,46303918
SMN1_S28;-1,54514402;0,011230121;17,96283808
MAP4K4_S619;-0,531412526;0,097369956;15,54088925
RBBP6_S855;-0,745260395;0,070359159;26,32247864
RBBP6_T1265;-0,644468148;0,073497136;27,58792339
RBBP6_S1273;-0,775114731;0,05838;26,48019459
RBBP6_S1278;-0,668534878;0,033312164;24,21329645
RBBP6_S1329;-1,115010403;0,021052861;25,45673107
CDS1_S37;-0,387902014;0,072799032;31,69078036
ARVCF_S337;0,349922705;0,050462551;23,88915932
CEBPD_S191;-1,87522591;0,061492094;21,28250867
ITGA4_S1028;-1,160831648;0,075485294;30,34854608
HNRNPUL2_S183;-0,527522501;0,013381949;22,67861932
HNRNPUL2_S186;-0,628471128;0,008094328;20,19138592
TOP2A_S1328;-3,377232416;0,076081434;20,92008101
UBA1_S835;0,59891409;0,065877124;29,50952151
CTNNB1_S675;2,057153626;0,039381373;29,08803398
JUP_S665;1,604970786;0,048446744;29,39818422
JUP_T669;2,706729097;0,015703611;13,44825437
ANK1_S813;2,056821487;0,025805524;20,88411261
ANK1_S1424;1,19774446;0,0222764;18,19156267
MARK3_S368;-1,547533223;0,098606645;25,49081147
CKB_Y39;2,386686263;0,029979228;19,81406675
YES1_T42;1,19204883;0,0423667;22,73770486
YES1_S44;1,006737564;0,067163831;25,95491432
SOX8_S356;-0,904040997;0,084840412;26,9883097
SOX8_S358;-0,584467614;0,065906959;21,82429033
SOX8_Y360;-1,145455626;0,018784995;17,31037039
SOX8_S367;-1,131408256;0,016077441;16,6113111
SOX10_T244;-1,706591663;0,01423931;14,71718301
_S223;-1,553612097;0,076072908;31,86369804
LARP7_S253;-0,829975121;0,086106115;32,4834557
EIF5B_S108;-0,576763643;0,062316178;26,22390175
EIF5B_S114;-0,654340196;0,027089701;27,2202676
EIF5B_S122;-1,110470337;0,049149518;28,89518697
EIF5B_T127;-1,871952864;0,013793243;23,82553535
EIF5B_S132;-1,79341347;0,003426733;20,28159228
EIF5B_S137;-1,468126244;0,000787297;19,12217701
EIF5B_S139;-0,47669673;0,056543487;30,7370094
EIF5B_S145;-1,302163551;0,000500369;18,58659649
EIF5B_S149;-1,969829298;0,002195012;18,76717515
TLE3_S217;-0,947044307;0,045774721;20,89144424
DMWD_S537;1,253168286;0,055537493;28,88438305
SSRP1_Y438;-0,864399073;0,096156278;29,1390054
KNDC1_S962;-1,399217921;0,035538774;12,4444062
KNDC1_S967;-1,098450081;0,022185463;10,02347306
TRIO_S1818;-0,605186453;0,079624313;28,20775965
ZC3H18_S64;-1,446814251;0,003828156;17,32680001
ZC3H18_S71;-1,04734123;0,010850467;21,29634105
ZC3H18_S75;-0,739242859;0,045769619;28,82515652
ZC3H18_S838;-1,373063108;0,090934006;33,09263815
ZC3H18_S847;-0,887187384;0,070862088;32,26289077
DACT3_S290;1,235952027;0,065131771;31,75149458
RBM15_S655;-0,746333988;0,0009512;17,1184481
RBM15_S658;-0,770184472;0,002195012;17,72658205
PPP4R2_S226;-0,799001583;0,065878148;32,19948256
KIAA1468_S416;-1,265523294;0,020113133;5,988741869
FAM83H_S904;-1,86712605;0,056058597;22,27327118
FAM171B_S413;0,741147344;0,03167579;11,91620041
FAM171B_S792;-0,792550355;0,073208929;30,07956835
PARP14_S1407;-2,021420479;0,026620755;22,39154785
PHACTR1_S78;1,365360384;0,056058597;22,27110089
PHACTR1_S237;2,754270927;0,060103977;29,42601815
PSD3_S998.S1001;-0,699482114;0,065906959;23,50451276
PSD3_S998.S1003;-0,694293226;0,030315903;14,61686117
PSD3_S1000.S1001;-0,78148842;0,000501735;16,10834904
PSD3_S1000.S1003;-0,635916673;0,080577536;26,51844193
PSD3_S1001.S1003;-0,53642367;0,017303839;23,57678006
PSD3_S1009;-0,568658331;0,051321747;30,18127003
STT3B_S495.S496;-1,426973394;0,036113444;28,7890742
HP1BP3_T51;-1,229384754;0,01468287;23,28114485
EEPD1_S173;-0,637089284;0,050665442;29,69617055
RIC8A_T440;-1,323034106;0,098606645;31,81045317
RIC8A_T442;-0,757461338;0,062878474;28,0438271
USP39_S46;-1,527901983;0,046149624;24,20365363
USP39_S81;-0,742260556;0,003828156;22,4055463
PRRC2C_S1236;-1,776032955;0,000232386;13,57441839
PRRC2C_T1238;-1,263620911;0,034137376;19,15528847
TRAPPC10_S707;0,767969356;0,071603762;22,55607271
_S17;-2,251357813;0,01468287;21,88763347
_T253;-1,005161398;0,006147003;21,61959391
_S261;-0,909772941;0,002752098;19,57129056
MAP9_S86;-1,003617874;0,074114915;30,17580405
ALKBH5_S65;-0,556077942;0,081233555;34,47434549
LMTK2_S781;-1,431182753;0,078374395;27,28588357
_S168;-1,486669141;0,002268033;14,62143046
ESYT2_S667;1,775682306;0,016848693;21,31150306
KHSRP_S185;-0,533125949;0,02754629;22,0015143
FAM160A2_S467;1,435685765;0,066485066;31,09710266
FAM193B_S767;-0,740947824;0,071006151;20,22772694
FAM117B_T219;1,369235352;0,043322537;26,44796751
ESYT1_Y809;0,941501398;0,043290604;27,07085998
_S328;-0,443653292;0,041138878;30,04474204
UBE2Z_S344;-0,727244162;0,077183678;29,74192692
TRMT10C_S79;-1,287337111;0,013381949;14,39633313
KMT2E_S1364;-0,838084482;0,022375249;24,32862358
MCRIP1_S26;-0,713715922;0,044247224;18,96788672
MCRIP1_T30;-0,893202111;0,080208806;26,47137192
ARFGEF3_S2054;1,878199145;0,020831597;25,02235808
WNK2_S1752.S1754;-1,400428691;0,035451724;24,94915408
LIMCH1_S231;-0,711740239;0,044439722;26,59684767
LIMCH1_S719;0,84756823;0,059991457;31,57445958
CCDC177_T313;2,313913176;0,069563181;26,24702603
RAPGEF1_S297;-0,837174937;0,08540934;32,60332226
DAB2IP_S702;0,570252354;0,029720789;20,82137525
BAI1_S1257;-1,653385544;0,045774721;28,68617017
MTUS2_S1035;0,645732622;0,022375249;27,55659546
PITPNM3_S495.S504;-0,924783856;0,037407461;24,2524417
AAK1_T604;-0,191950024;0,047880635;23,51678993
AAK1_S621;-0,812665305;0,01270261;7,707924622
SLC2A13_S624;-0,699742961;0,003087151;17,51419818
SLC2A13_S629;-0,842835666;0,026162123;26,05230896
SLC2A13_S629.S634;-1,506990089;0,025805524;15,82460072
SLC2A13_S634;-0,919851116;0,010770155;23,12816949
TENM4_T178;2,044202444;0,053488507;28,35896039
PDAP1_S57;-1,019346433;0,027312646;25,18422002
PDAP1_S60;-1,164379586;8,86657E-05;14,19479418
PDAP1_S63;-1,324778838;0,000787297;17,29388194
PDAP1_Y70;-1,074620551;0,011150824;23,00442268
RMDN3_S46;-0,32791903;0,08023532;32,06568759
RMDN3_S50;-0,310659754;0,061128567;30,50394293
RMDN3_Y53;-0,304358989;0,06479011;30,89933005
FHDC1_S681;1,940588593;0,086106115;18,94906463
PPP1R7_S24;-0,753617261;0,008094328;21,54412996
PPP1R7_S48;0,802309992;0,040490415;27,60269545
SMCR8_S788;1,904138566;0,070396746;30,99977257
NAF1_S308;-1,348838008;0,014921882;24,40542062
NAF1_S337;1,701149278;0,054542977;10,82846929
HDGFRP2_S366.S367;-1,209446024;0,002774551;20,56153462
HDGFRP2_S628;-0,902276861;0,019673403;23,35354539
HDGFRP2_S628.S640;-1,101691691;0,046693603;27,54786122
HDGFRP2_S629;-0,958738327;0,027089701;21,10100235
HDGFRP2_S635;-0,785258226;6,21375E-07;11,57258806
HDGFRP2_S635.S640;-1,361207336;0,001509404;16,46946023
HDGFRP2_S640;-0,798087258;0,010126168;22,35579928
GPRIN1_S369;0,77054797;0,07537028;31,80319888
GPRIN1_S764;2,09338177;0,091836957;29,46632889
BRD9_S56;-0,688403769;0,086368786;33,7950178
CDKL5_S407;1,75594451;0,082073008;31,31849469
PPM1H_S123;0,401752619;0,070231681;31,47283496
BAHD1_S61;-2,55699122;0,018068655;14,05967981
FOXN3_S343;0,722065052;0,048446744;4,669208114
SHANK3_S781;-2,486881168;0,021394687;20,68869041
SHANK3_Y998;2,639522659;0,051661518;24,04063014
SHANK3_T1007;2,155049535;0,072512353;26,65602931
SHANK3_S1128;1,059363532;0,02969153;25,12187513
SHANK3_T1130;1,043500216;0,031168351;23,90926109
SHANK3_S1134;1,411669388;0,000787297;15,21064808
SHANK3_T1149;1,407453653;0,001516843;16,48944468
SHANK3_S1583;1,687861785;0,080243405;27,48936145
TMEM40_S129;-0,622587773;0,045769619;30,36801089
PRPF38A_S209;-0,746890312;0,017433082;25,88053135
ABL2_S621;2,135572822;0,088975446;26,16473719
HERC2_S369;1,21801163;0,018068655;22,00745503
SREK1IP1_S148;-1,528496411;0,075200591;31,781633
PDS5B_S1176;-1,152133761;0,000670698;15,60866223
PDS5B_S1177;-1,174764497;0,002320995;16,46420037
PDS5B_S1182;-0,823404725;0,002492774;20,28083635
PDS5B_Y1187;-0,906397802;0,018068655;25,04337755
PDS5B_T1188;-0,667527862;0,001771339;19,74596404
PDS5B_S1190;-0,600012369;0,002494273;20,78550049
PDS5B_S1191;-0,731310696;0,005463476;22,65937396
PDS5B_T1253;-0,99109433;0,019405253;12,21100632
PDS5B_S1281;-1,787257322;0,017303839;25,26482403
LRRC47_S293;-0,720086548;0,015678423;24,7670117
KCTD8_S77;3,291785199;0,041009837;9,114245771
SPIRE1_S229;0,956602768;0,02754629;27,74538783
SRRM1_S220;-0,408823232;0,002752098;21,14726655
SRRM1_S260;-1,086323891;0,00033125;15,90950914
SRRM1_S401.T404;-0,989504697;0,041063826;27,02964416
SRRM1_S448;-0,682518431;0,037639687;27,4447867
SRRM1_S450;-0,834103349;0,027742277;25,3289012
SRRM1_S561.S563;-0,926694842;0,072143426;31,61417521
SRRM1_T600.S602;-0,882125855;0,082235115;32,79145869
SRRM1_S624.S626;-1,195685598;0,02969153;27,23333018
SRRM1_T633;-0,533207461;0,063912766;29,57731934
SRRM1_T633.S635;-1,35808321;0,013793243;24,03811094
SRRM1_S635;-0,929550536;0,032246092;27,5615115
THRAP3_S695;-1,005832926;0,013564029;25,58563706
THRAP3_S935;-0,696191386;0,076433534;33,61810842
SCN2B_T193;-3,541289296;0,041063826;13,21347326
GPKOW_S348;-0,959655026;4,2562E-05;15,04595019
ZNF608_S626;-0,986768316;0,070245242;26,31111324
SPAG9_S732;-1,03441347;0,001860343;13,5881079
SPAG9_S733;-1,194720237;0,000129837;12,88382239
PEX1_S1217;-0,79499079;0,053574311;27,7527082
ZCCHC6_T700;-1,394967761;0,06719743;16,70538103
EAPP_S111.T117;-3,213639195;0,036973056;21,9419631
STXBP5L_S819;-0,706885018;0,069330146;29,59235086
STXBP5L_S1089;1,192623915;0,068343042;16,85175892
TSHZ1_S489;0,99364193;0,083880549;25,60929189
SLC4A10_S81;-0,385465248;0,031289736;27,83008996
SLC4A10_S89;-0,753668192;0,030205316;27,11653172
JAKMIP3_S622;1,079297662;0,003379145;20,68529688
IQSEC2_S82;-0,454449381;0,005672356;23,32920251
IQSEC2_T1155;0,874550772;0,096682577;33,44875279
EHMT1_T74;-1,661388861;0,085191489;21,90848209
PRKAA1_Y352;0,757923006;0,040642764;28,11972214
PRKAA1_S360;2,274836299;0,032970081;25,02711799
TAOK1_S9;1,19080416;0,016848693;25,29826361
TAOK1_S965;1,235947874;0,030386798;21,87297843
XKR7_S154;-0,517775873;0,068578429;31,74161851
TAF3_S183;-1,626078557;0,007537491;17,99174936
C2CD4CC2CD4 FAMILY_S153;2,569716924;0,027246434;19,18207965
MIEF2_S19;2,534384925;0,094863246;25,12592028
BRSK1_Y15;1,146473001;0,090637786;33,69466234
BRSK1_S508;0,759555038;0,065906959;24,79001992
BRSK1_T515;2,129105207;0,018587621;18,35013088
BRSK1_S519;1,422153121;0,057918044;27,52531992
BRSK1_T523;1,810462792;0,098855026;25,53105916
CYFIP2_S582;1,069079923;0,019817207;21,97832888
TOM1L2_S160.T164;1,763195918;0,000597407;14,69834003
TOM1L2_T164;1,816857453;0,008228594;21,75968181
ZZEF1_S2406;-0,552075317;0,053574311;18,01742848
COIL_S171;-0,97151849;0,000355419;17,71476457
SYNRG_Y707;2,263152901;0,033715378;19,10083936
SYNRG_S804;1,623009535;0,004788893;11,09507243
SYNRG_S1074;0,696498542;0,093440015;26,55420276
TBC1D9B_S464;-0,618399337;0,098606645;30,80366315
SSH2_S1217;-0,751888157;0,021617516;16,63337033
NACAD_S1216;0,914046889;0,035538774;24,9630353
NACAD_S1268;-1,424886354;0,099889865;32,99504089
ACACA_T1416;3,110424935;0,071603762;12,84361457
BRIP1_S197;-2,178221563;0,02754629;19,27004012
RABL6_S638;-0,863379774;0,018900875;22,58722109
SCAF1_S510;-1,263658475;0,022444574;16,96506076
SCAF1_S682;-0,682558226;0,063065898;30,98206641
SCAF1_Y689;-0,833122048;0,071603762;31,53570732
REPIN1_S341;1,472023469;0,070396746;31,18820755
ATP13A3_S813;-0,932787893;0,070396746;29,70221278
ACBD5_S421;1,659278621;0,01468287;23,08564745
LEO1_S631;-0,720636896;0,076732868;32,40204234
MAST2_S841;1,746854433;0,056518646;25,53907433
MAST2_T866;-0,902994125;0,044890025;16,82450434
HNRNPD_S71;-2,968272691;0,008266896;21,03571159
HNRNPD_S80;-1,652009563;0,033563975;26,50357766
HNRNPD_S80.S83;-0,742883182;0,079624313;21,26176435
HNRNPD_S83;-2,015300861;0,037475302;25,98738106
CLDN11_Y192;1,801418505;0,029903977;25,4530519
RASA3_S809;-0,74876937;0,098267846;33,34355816
STIP1_S481;-0,580571534;0,020879049;25,8312261
ARHGEF2_S931;-0,503257933;0,041678982;28,41847612
ARHGEF2_S946;-0,381441139;0,095773158;33,73384067
ARHGEF2_S952;-0,476226706;0,081535159;31,25976606
ARHGEF2_S955;-0,318130896;0,02754629;26,71870228
EPS15L1_S108;1,409827923;0,093386084;32,03998798
EPS15L1_S115;1,531400671;0,023692885;24,99458943
EPS15L1_S253.S255;-2,159100742;0,057189851;25,63035682
TMPO_S66;-2,420139556;0,074989021;17,71236562
TMPO_S67;-1,881903195;0,062254905;24,32658009
TMPO_S422;-0,96786136;0,067323786;29,9963939
KSR1_S320;2,445951531;0,011792356;21,00688512
NAB2_S159.S162.S171;1,065636582;0,040188123;22,42196944
PRPF4B_S88;-0,703106813;0,027673822;27,01041619
PRPF4B_S94;-0,572775061;0,00136867;20,02600134
PRPF4B_Y141.S145;-2,934698218;0,012519874;17,53876779
PRPF4B_S278;-1,587614785;0,01234842;23,84420705
PRPF4B_S292.S294;-1,024199846;0,004152762;22,14916807
PRPF4B_S366.S368;-0,649619982;0,094038645;34,79400861
PRPF4B_S431.S437;-0,506552139;0,048087909;29,87595658
PRPF4B_S431.T439;-0,703906719;0,076433534;27,93860557
ASTN1_S313;2,7732244;0,063940729;11,9372534
ASTN1_S325;2,090853876;0,018798827;14,25339386
PAFAH1B3_S182;1,623839418;0,071194723;22,4759077
PAFAH1B2_T220;2,919403581;0,01634831;18,70494985
MRE11A_S2;-1,292860208;0,022112522;19,20726288
SNTB2_S90;-0,913246053;0,034259842;27,70426191
TCF12_S79;0,759190564;0,062281659;16,07335414
CACNA1E_S856;1,204735311;0,029233277;22,98185359
CACNA1E_S2054;1,212927113;0,016888401;24,57238987
CACNA1E_S2073;1,019548727;0,085501878;33,49940183
APC_T2475;-0,766721778;0,003426733;12,64350764
ZFHX3_S2233;0,452956246;0,080611121;26,53281302
BAD_S155;-0,905510949;0,012403572;20,81737175
PRKG2_S92.S97;1,497416768;0,060470263;30,10632544
ZNF638_T600;-1,015210179;0,021394687;23,45090764
ZNF638_S606;-0,833010555;0,001771339;19,09555066
KTN1_S75;-0,487658536;0,017303839;25,54764853
PACSIN1_S346;1,206192588;0,084840412;29,46980894
ATRX_S912;-0,994831159;0,003462498;18,59644186
ELAVL4_Y231;1,403452683;0,075590026;24,74053464
KIF5B_S933;1,507571467;0,002494273;21,11870842
KIF5B_T935;0,585247275;0,042829842;25,52505069
KIF5B_T939;0,725883065;0,043498756;28,67733223
FGFR3_S438.S439;1,127001859;0,056641235;24,71861367
MYH10_S1962;-0,391493413;0,041041526;27,85024459
NPM1_Y67;-1,699253455;0,013965029;24,72991241
NPM1_S70;-1,56916286;0,012519874;23,98343871
PCBP2_S185;1,101301295;0,041740618;16,34528091
CTR9_T925;-0,979043316;0,056448944;27,72328812
PEA15_S116;-0,513623173;0,006147003;22,71308042
SRSF2_T22;-0,972934432;0,000992059;17,03162217
SRSF2_Y23;-0,939440746;0,002268033;17,32280424
SRSF2_S26;-0,750815902;0,025805524;25,52547402
SRSF2_S208;1,512942157;0,016604794;22,68772854
SRSF2_S212;2,314905055;0,020113133;20,38768156
DLG4_S73;1,310624854;0,032618089;21,35121695
DLG4_S217;1,801534006;0,014046799;18,02552395
RALBP1_T60;-1,197835043;0,012973535;20,5959728
RALBP1_S62;-0,591040438;0,088119267;33,06716306
RALBP1_S93.S99;-1,140875948;0,041740618;18,58000506
RALBP1_S101;-0,896575137;0,059991457;25,09794825
TTF1_S451;-1,305070818;0,080746982;21,4274459
TTF1_S460;-2,115174292;0,051104738;23,96073736
SOS1_S757;1,728530659;0,034416005;25,20811459
SPTBN1_S2340;1,253778717;0,083052798;29,28242458
TRIM28_S499;2,050390971;0,044890025;23,12261654
SORBS1_S58;-0,721179575;0,080243405;31,64984962
NDUFA4_S67;-0,709916735;0,044907577;20,7680367
NDRG1_T328;0,801842014;0,064361323;19,40961555
EIF4G2_S394;0,817063969;0,080577536;27,52736313
VAT1_T122;2,223928273;0,098606645;20,22096581
SPEN_S190;-1,013591944;0,043697306;26,51879237
SPEN_S762;-1,170361782;0,094512928;30,39938336
SPEN_S858;-1,742419196;0,049652354;23,74690437
SPEN_S1293;-1,067503968;0,002492774;19,60597547
MAPK3_T199;1,084234143;0,015087455;22,28770025
MAPK3_T203;0,999360657;0,029903977;25,70050261
MAPK3_Y205;0,980147737;0,015087455;22,56251935
MAPK3_T208;0,911232139;0,048004035;28,17956275
RALY_S135;1,270464612;0,024379839;26,72411729
HEPACAM {ECO:0000312|MGI:MGI:1920177}_S280;-1,139908458;4,2562E-05;14,93893236
HEPACAM {ECO:0000312|MGI:MGI:1920177}_Y283;-1,22554455;0,025257118;24,25598645
TRIM24_S803;-0,690439183;0,079059198;27,34099298
TRIM24_S812;-0,803951108;0,002195012;18,12511127
SYN2_S426;1,142135055;0,014003015;23,90346592
SYN2_T432;1,319516706;0,04435283;28,153179
SYN2_S438;1,474630817;0,055158123;29,81083442
SYN2_T440;1,474630785;0,055158123;29,81083275
TOP2B_S1444;-1,95247405;0,074299005;27,7042403
TOP2B_T1458;-1,725531771;0,047085087;25,60828737
TOP2B_S1460;-1,922983875;0,018068655;21,60337633
TOP2B_S1509;-1,80378727;0,039172664;24,48360131
TOP2B_S1537;-0,77361051;0,032421699;26,91325737
RBL2_S946;-0,63056758;0,085501878;21,96761622
CLTC_Y1168;1,321601425;0,079807192;30,74502484
ATG9A_S18.S33;-1,996708143;0,071603762;26,5131131
ATG9A_S828;-1,48155295;0,039322662;29,00633033
GIT1_S419;0,777367818;0,071603762;32,97674984
SPTBN2_S2199;1,764421687;0,05780286;23,83961369
PKP4_S280;1,141056719;0,085233778;32,37438187
PKP4_S328;-0,638487414;0,005503004;20,86722549
PKP4_S334;-0,440015003;0,095952057;32,90983255
PKP4_S336;-0,582346357;0,030739882;26,49677818
PKP4_S426;1,47953989;0,074127104;29,40039126
PEAK1_S1050;1,239642835;0,04230905;22,7288307
BRSK2_S388;1,091198602;0,041663462;26,18855221
BRSK2_T390;1,240483684;0,061731136;26,84279891
BRSK2_S394;1,502938337;0,029127461;25,02927156
BRSK2_T432;-0,334120157;0,080003695;27,45155026
CDK13_S318.S329;-1,316024436;0,064374497;23,31196804
CDK13_S341.S343;-1,130068643;0,028624644;23,39320327
CDK13_S343;-2,593619656;0,021663698;9,887689858
CDK13_S491;-1,804111518;0,038622223;26,70955829
CDK13_T495;-1,337384225;0,081621094;25,37689335
CDK13_T501;-2,474109128;0,019027122;14,31227961
CDK13_T503;-1,237750205;0,080729885;28,3642534
ARHGAP23_S678;0,762418651;0,098855026;32,25870395
FGD6_S557;1,150164918;0,022375249;23,08945752
FAM208A_S836;-0,905764737;0,037194472;22,00132062
EHBP1_T759;0,890477299;0,043290604;25,08451671
EHBP1_S765;1,629105841;0,020646347;16,3813475
MORC2A_S854;-0,581867995;0,015055024;16,32636163
MORC2A_S859;-0,584386526;0,013355588;15,74451728
MORC2A_T862;-0,589727258;0,012995773;15,65434682
CEP170_S378;1,259195728;0,077185901;17,9691297
CEP170_S463;2,049182895;0,074127104;20,67929248
CEP170_S920.S922;-1,41718835;0,093839455;29,65797599
NCAPG2_T72;-2,517111242;0,069563181;16,97333147
ARHGAP21_S330;2,491814305;0,063913205;23,24023745
GBF1_S1318;-0,691742322;0,083855952;31,75083955
GBF1_S1320;-0,68632353;0,074005097;30,48602033
GBF1_T1324;-0,809281414;0,050062995;27,63082775
GBF1_S1477;2,140545103;0,00357604;17,17891763
LEMD2_S507;-1,208736942;0,086106115;33,16905859
SCAP_S850;-0,511319657;0,017431512;24,82293012
NIPBL_S2678;-1,534957055;0,019806208;20,94349207
FBXO41_S476;-0,709086831;0,027631523;25,52063807
FBXO41_S485;-0,611369464;0,076732868;31,55145076
WDR44_S264;1,231855989;0,072143426;31,44568658
WDR44_S563;-0,678491205;0,022375249;22,63988577
CPSF6_S513;-1,404993166;0,06546304;29,14794381
RPRD2_S392;-0,697810754;0,098171179;27,04486753
RPRD2_T762;-1,231335218;0,054318563;23,32586253
ZNF532_S313;-0,707825687;0,003176349;21,05483548
ZNF532_S333;-1,220838359;0,02036119;24,74443064
SEC23IP_S748;0,878648989;0,060131229;31,60021428
ZC3H11A_S312;-1,924866803;0,070547663;20,17186411
RBM26_S127;-0,68031998;0,01234842;24,35249057
HEATR6_S23;-0,888924888;0,006835137;23,26835581
ABCF1_S225;-1,045186574;0,013793243;22,98871307
NES_S688;-1,162242778;0,026937215;27,80441509
NES_S894;-1,503492063;0,037861087;22,12613041
NES_S1440;-0,859789496;0,076155573;31,01309105
NES_S1860;-1,243908879;0,032914305;12,0903839
NES_S1861;-2,236546283;0,041299475;24,18611997
CASKIN1_S791;0,71345936;0,05520091;29,48444167
CASKIN1_T803;0,516414345;0,071603762;26,53949454
CASKIN1_S1259;0,927513957;0,001000834;19,23694523
CASKIN1_T1268;2,255098021;0,001080493;18,36420682
OXSR1_S339;-3,219771749;0,002674015;16,072797
MTSS1L_S419;0,9951397;0,022446111;19,42589484
BCR_Y178;1,91790683;0,050920219;10,39768844
PRKAB2_S203;1,970435992;0,079624313;30,70752303
GAPVD1_S766;2,202869336;0,001792253;11,02466927
MFF_T89;2,056113613;0,015087455;22,78983269
SMARCC2_S302;-1,087267855;0,015727235;24,87558685
SRSF1_S199;-1,639425592;0,041663462;29,06797926
SRSF1_S234.S238;-1,032273735;0,041041526;26,72718279
PRRT3_S799;3,135721113;0,018784995;19,32485768
PRRT3_S833;1,681111241;0,051457007;28,1155757
PRRT3_T835;1,261148609;0,074662706;29,47774368
CTIF_S18;-0,680074793;0,043697306;24,54651755
DLGAP3_T639;0,904008026;0,090797761;32,41321939
DLGAP3_S641;1,069624763;0,04329586;28,78025754
DLGAP3_T645;0,887409045;0,051655938;30,02997848
DLGAP3_Y969;1,224571431;0,020457088;12,42375389
SLC6A7 {ECO:0000312|EMBL:AAH57070.1_Y591;1,279781698;0,067743547;30,05183476
SLC6A7 {ECO:0000312|EMBL:AAH57070.1_T594;1,83807022;0,023478171;24,74653306
SLC6A7 {ECO:0000312|EMBL:AAH57070.1_S598;0,904204916;0,060975707;26,06912023
SLC6A7 {ECO:0000312|EMBL:AAH57070.1_S600;1,811630825;0,02225853;24,87039386
FAM21_T627;-0,948910127;0,044840581;27,27571307
FAM21_S747;-0,538165356;0,029979228;25,72959858
SORT1_S819;-0,817954794;0,084355975;27,94580953
ATP1A2_Y486;1,068768745;0,029181262;26,19347074
ATP1A2_S489;1,027295017;0,06053938;30,85242048
ATP1A2_S499;1,002018679;0,037097916;26,47726386
ATP2B4_S335;-0,792181852;0,000295187;12,35548097
ATP2B4_T1074;-1,007635493;0,091020603;27,5989426
RICTOR_S21;-0,503781482;0,029785336;27,70396961
PPP1R9B_S100;1,178338723;0,098558077;32,84981901
WDFY3_S990;2,063889129;0,057729017;24,86189823
NTRK3_S493;3,134234668;0,082298886;18,5260107
DAGLA_S808;1,588244148;0,006092337;15,16367716
GIGYF2_S237;-0,896779494;0,076732868;32,25726719
UBE2O_S406;-1,356893891;0,019036162;21,84139403
UBE2O_S510;1,912129755;0,081777499;23,7533097
DDX55_S544;-1,417869304;0,011262417;22,1271378
PITPNM2_S652;1,994540295;0,054736248;28,7778814
PITPNM2_S655;1,484727831;0,048004035;27,67415077
PITPNM2_T656;2,092810435;0,032618089;26,37887037
PITPNM2_Y657;2,088537329;0,014105259;23,57312586
ANKIB1_S738;-0,345858803;0,027284791;27,05196591
ZC3H4_S1276;-0,873726789;0,030488649;26,92759492
EFR3B_S212.S214.S216;0,579420557;0,096148727;34,35807816
TAOK2_S9;1,146600798;0,082679047;32,83425171
LARP1_S68;-0,823575429;0,089552385;32,98526606
LARP1_S81;-0,54212239;0,004514335;20,19050401
LARP1_T599;-1,265712816;0,067163831;29,33978332
LARP1_Y610;-0,745020768;0,071621436;30,98762097
PPIP5K2_S44;-0,910540522;0,003127311;20,81680497
ACAP2_S384;-0,659446906;0,001135757;15,95071618
RFFL_S254;1,094637968;0,098606645;34,1499817
RFFL_T259;1,123772346;0,048446744;28,22840228
RPS27_S11;-0,886913212;0,006147003;22,2375444
TWISTNB_S318;-0,87325568;0,008094328;23,81742686
TWISTNB_S325;-1,201734275;0,009766874;23,7334578
NAP1L4_T111;-1,371424481;0,081777499;25,4033736
NAP1L4_S125;-0,90381259;0,037665391;28,48525342
ASAP2_S704;-1,003900464;0,004907637;22,5971422
ASAP2_S715;-1,656788249;0,010993451;20,04129833
HUWE1_S1903;-0,486400374;0,062995424;26,28371363
HUWE1_T1905;-0,548843227;0,043697306;23,82527036
HUWE1_S1907;-0,542658354;0,04610507;24,18432177
MYCBP2_S2861;0,873140493;0,068402548;29,14681309
PRRC2B_S387;-0,748850668;0,004477328;21,91010947
C2CD5_T632;1,250857826;0,018900875;20,12999653
C2CD5_S637;1,105837886;0,019293696;20,21724057
MYBBP1A_S1164;-0,787086457;0,056518646;30,51770056
TPPP_T15.S19;0,997381924;0,086106115;34,24849619
TPPP_S31;0,791629144;0,042693237;30,27091377
AMPH_S285;2,604562335;0,063591296;26,34617109
PLEKHA6_S901;-0,508427889;0,082111095;32,92056597
ATXN2L_S597;-0,864708838;0,080947889;31,49031861
ATXN2L_S601;-0,632019144;0,091020603;31,853329
PRRC2A_S363;-1,030169385;0,029074154;21,58562702
PRRC2A_S764;0,733425424;0,030810662;26,13157481
PRRC2A_S1087;-0,698289288;0,071603762;31,92628424
PRRC2A_S1108;-1,560399184;0,060651273;11,57369532
KIAA0195_T450;-0,323291401;0,093901614;31,36026723
REXO1_S514;-1,152143827;0,090934006;32,42849729
CDC42BPB_S1688;-0,500545387;0,056923012;29,08424306
LCA5_S7;-1,195279782;0,082111095;30,65286911
RSBN1_S80;-1,410929885;0,098606645;33,14724903
ERBIN_S599.S600;-1,238007369;0,083880549;29,35168656
ERBIN_S616.S617;-3,211107814;0,064581462;16,36752789
CADPS_S89;1,275425278;0,045536329;19,14848688
ADCY2_S471;1,188694514;0,027246434;27,65668643
R3HDM2_S923;0,499560964;0,043697306;21,92446044
NAV3_T1732;1,374324737;0,016527747;13,67434793
NAV3_S1735;1,502624083;0,035258361;19,31552045
NAV3_S1739;1,565018343;0,029979228;22,51534743
VPRBP_S1005;1,270455698;0,095069725;29,81496198
DNAJC6_S595;0,581805856;0,052349124;29,47992387
RERE_S642;-1,71322444;0,022374926;22,61818245
RERE_S675;-0,78372082;0,086883212;28,21804067
RERE_S688;-0,879658294;0,074202641;26,853126
PJA2_S306;-0,594349129;0,006326384;16,78797172
CEP170B_S1248;-1,632346756;0,022112522;23,90622266
CEP170B_S1258;-1,229214572;0,065328723;25,73939697
PUM2_S82;1,840358665;0,093440015;32,6394996
KIAA0226_S390;-0,535383837;0,072512353;27,48254323
KIAA0226_S412;-1,296470499;0,098606645;25,4671388
PUM1_S206;2,568635449;0,096148727;25,2596809
PUM1_S209;2,428690771;0,072100163;29,59520095
USP8_S678;-0,466860063;0,029012766;23,93323465
USP8_S680;-0,841009668;0,006283621;19,05451171
RAB3GAP1_T75;0,705682196;0,046919489;24,27986357
RAB3GAP1_S83;0,966338044;0,001254334;18,81648907
SLC20A2_S253.S256;-1,037759265;0,072100163;22,64619923
SLC20A2_S256;-1,048261121;0,01263104;20,88715908
SLC20A2_S259;-1,154673556;0,00440293;16,32650498
SLC20A2_S268;0,950780469;0,054727114;23,38363834
CAMSAP3_S484;2,237966399;0,069659871;16,98669798
EPN1_T469;2,981264943;0,006533566;18,02024959
EPN1_S472;2,981659142;0,060103977;24,08948371
TMCC2_S180;1,183648711;0,091670916;26,39911813
TMCC2_S182;1,357739684;0,044890025;23,11885325
TMCC2_S189;1,260051076;0,001188444;16,94006369
MTDH_S565;-0,833853738;0,017494302;25,14680637
UBAP2L_S624;-0,790203775;0,093386084;33,62492671
UBAP2L_S625;-0,82592368;0,016527747;25,43031879
UBAP2L_S629;-0,639683975;0,025308652;27,27256267
C2CD2L_T400;0,743264879;0,029012766;21,57451993
C2CD2L_Y407;0,738960764;0,030277769;21,84042582
C2CD2L_S411;0,745350228;0,032302822;22,18832852
C2CD2L_S464;-1,375250558;0,024234956;23,76333821
C2CD2L_T629;1,364058772;0,02122949;18,9835699
ATG2B_S255;1,121389089;0,024972962;17,39106988
NUCKS1_S19;-0,838314752;0,091836957;35,06503227
NUCKS1_S54;-1,415319837;0,011547495;18,05289119
NUCKS1_S61;-0,770009968;0,056518646;29,24370857
NUCKS1_S75;-1,06831266;0,01423931;23,48376925
NUCKS1_S79;-0,981326484;0,030565094;27,08034245
NUCKS1_T179.S181;-1,366305698;0,089626412;29,27924803
HMGXB4_S79;-1,697497631;0,063940729;25,57661912
ZFYVE20_S210;-0,386970448;0,086223195;31,07993758
ZFYVE20_T211;-0,589808615;0,053581362;24,29813166
ZFYVE20_S218;-1,062926312;0,067186521;28,55486069
CNKSR2_T694.S696;-1,599835668;0,090341258;29,32946932
CNKSR2_S740;1,37350356;0,057918044;29,85438739
CNKSR2_S756;0,9898556;0,006798261;22,30771415
CNKSR2_S801;1,495288868;0,064305115;25,62076557
BCAS1_S601;2,382187056;0,005606981;19,3436995
CLSPN_S1124;-1,496199988;0,052643237;24,17441651
ZC3HC1_T332;-0,838809153;0,056815022;27,80455473
ZC3HC1_S334;-0,78657096;0,06719743;29,69163408
SHANK2_S586;1,375070752;0,001080493;16,05194615
SHANK2_S589;1,242241421;0,057303797;22,47703429
SHANK2_S1005;1,874681972;0,00853419;16,33077288
SHANK2_S1338;0,992459475;0,0713223;28,53622312
SHANK2_T1340;2,119377372;0,01468287;14,84819426
WDTC1_S511;-0,669582547;0,004835079;15,35121404
DLG1_S153;1,254196744;0,068209778;31,14745657
DLG1_S158;1,572706901;0,056518646;29,82861077
MAST4_S264;0,839286518;0,00853419;17,12201957
MAST4_S266;1,653332308;0,055834948;20,55177482
RNF214_S36;-0,376607776;0,025240678;19,87969469
HTATSF1_S441;-0,984373424;0,016527747;23,38347701
_Y14;2,229379246;0,093528329;32,07941852
SLC38A9_S20;1,352080353;0,041930756;25,8450725
EIF4B_Y96;1,098974378;0,071603762;27,34206312
EIF4B_S131;-1,478652191;0,01423931;18,88121912
EIF4B_S409;0,624671652;0,089552385;31,73279513
REEP1_S152;0,856810137;0,063325288;24,45437732
MICALL1_T477;1,908589727;0,005979465;8,038364174
CCNY_S324;-0,288815365;0,013793243;22,37978084
ARL6IP6_S80;-0,963208847;0,06766065;31,39189427
ATL1_S22.S23;-1,835966208;0,025805524;22,8016043
INO80C_S26;-1,556943867;0,002881523;19,10939154
INO80C_S31;-1,141209661;0,046502396;29,54117022
INO80C_S32;-1,778613779;0,001963502;15,29767873
ERCC6L_T992.S994;-1,531545251;0,035179664;17,59775126
ERCC6L_S1005.S1009;-1,657860682;0,074231775;26,8659503
TBC1D10B_S664;2,444275369;0,000378934;14,63726374
MIA3_S1915;-0,57984745;0,020457088;26,24897436
MIA3_S1918;-1,073988479;0,076945824;32,28174076
FBXW8_S86;-1,174689665;0,003412381;13,56346795
SNIP1_S33;-1,057020565;0,078621372;32,402786
SNIP1_S89;-2,073424286;0,040032921;21,33990988
SNIP1_S91;-0,915879648;0,072395953;30,8498619
TDP1_S119;-0,946253812;0,022376499;23,10882143
DLGAP2_S983;-0,526788487;0,042756754;29,97539818
TMEM11_S16;-1,487453616;0,092517475;30,1785979
GCFC2_S169;-1,340883088;0,000295187;17,261147
BAIAP2_T404;2,355304104;0,074005097;24,53185778
ABLIM2_S579;2,235029429;0,049381328;24,55447853
PHF20_S900;-0,966212513;0,099637383;28,45840933
HIRIP3_S153;-1,723524868;0,060708932;22,87368219
RPS6KC1_S280;0,60767575;0,082298886;29,78571702
RPS6KC1_T283;0,473815494;0,058857252;29,74840566
PSD4_S968;-0,616043253;0,072042628;12,91242211
NYAP2_Y243;1,249189345;0,044890025;24,7135543
RAB3GAP2_S448;1,318171827;0,067764509;26,897756
GTF3C4_S17;-0,867813273;0,005840902;20,84309119
DMXL2_S225;1,335086579;0,030760043;27,55788434
DMXL2_S423;-0,769008158;0,014105259;24,52640286
DMXL2_S456;-1,021960959;0,002484652;20,46285054
DMXL2_S462;-0,504528791;0,05250746;31,47084677
DMXL2_S473;-0,948253582;0,000622032;18,04792252
TICRR_S1002;-1,793074863;0,013793243;19,36754323
TMEM74_S277;1,09622084;0,051655938;24,88818778
SUDS3_S45.T49;-2,585631291;0,020826683;12,52991158
RELL2_S187;-0,632956082;0,054380901;30,23245703
CLASP2_S336;0,743784891;0,02969153;24,05097407
KIAA1671_S205;-0,664035754;0,019860119;25,07379568
PPFIA2_S716;-0,759177902;0,050143022;21,45175736
SRRM2_S349;-0,829071661;0,016527747;22,3500656
SRRM2_S351;-0,408917522;0,081973803;32,06012197
SRRM2_S531.S533;-1,018065458;0,014591;23,04716155
SRRM2_S1068.S1077;-0,986818188;0,007136511;17,7876077
SRRM2_S1378.S1380;-1,204704835;0,045281367;24,04179645
SRRM2_S1556.S1557;-1,68587891;0,017074589;19,68356963
SRRM2_S1608;-1,943826028;0,021480471;14,88841573
SRRM2_S1910.S1912.T1914;-1,568222713;0,086924669;32,93883964
SRRM2_S2365;-0,903363259;0,020826683;24,32811259
PAK4_S104;-1,145233567;0,055625022;26,10085928
SLC4A7_S1008;1,342024349;0,043290604;26,4379078
SEC62_S341;-0,553795246;0,023136099;25,09880523
SEC62_S353;-0,797147395;0,086991916;29,70845939
LRP12_S622;-1,639558443;0,046137449;0,319860527
HOOK3_S238;-0,652228794;0,022375249;26,1412057
STX16_T126;1,562940253;0,09876472;27,14031698
CAMK1D_S327;1,529834467;0,075054004;13,28004353
PHKA2_S969;0,593565916;0,039559366;13,01207604
IFFO1_S143;1,710628159;0,057189851;11,19557406
NALCN_S781;0,949992949;0,062281659;24,34062473
TBC1D4_S595;2,165388859;0,083981116;7,698231
NLGN3_S722;-0,653755981;0,004907637;21,84431159
LATS1_S612;-0,680004733;0,036153708;20,78787549
CADPS2_S61;2,656064075;0,094218476;25,04315487
PAK5_S104;-0,485116054;0,080729885;32,63157085
GPCPD1_S178;-0,973391298;0,097369956;34,76827321
CPNE1_T525;1,166938832;0,053581362;25,84887767
MYO9A_S1231;-0,709905477;0,071603762;26,52212713
MYO9A_S1832;-1,490905249;0,003828156;19,27418844
CAMSAP2_T408;1,535208722;0,080577536;23,59916176
CAMSAP2_S418;1,904466975;0,036779444;19,51509863
CAMSAP2_S424;1,784216855;0,072720947;20,51660086
CAMSAP2_S428;4,010604575;0,018647915;12,0211379
CAMSAP2_T429;3,241184794;0,070396746;24,02926493
CAMSAP2_S573;-0,625914493;0,065906959;25,82292595
CAMSAP2_T578;-0,719180379;0,017433082;19,03725802
IWS1_S321;-1,285008771;0,006080488;22,31502044
MED19_S226;-0,755522518;0,074495492;34,17185309
MED19_S234;-1,112814909;0,000622032;17,40409863
SHISA7_S438;1,637937175;0,038206005;27,13027073
GPR158_S698;1,272693292;0,083137239;23,89686517
GPR158_S702;0,876746573;0,051655938;28,40653058
PEX5L_S386;0,950066241;0,00840601;21,0800301
PEX5L_S388;0,633450073;0,006835137;21,03711467
PEX5L_S392;0,75201217;0,015917101;22,99754488
MINAR2_S130;2,624919196;0,034464873;21,62355884
CWC22_S105;-0,820856566;0,067472079;26,0338403
WDR26_S101;-0,525300018;0,067341667;28,60095796
ANK2_S1456;1,704755261;0,028962301;20,66441802
ANK2_S1472;1,723893661;0,022645882;19,46040997
ANK2_S1475;1,517393798;0,02451101;18,6706218
ANK2_S1722;1,954115239;0,071603762;30,49969479
ANK2_T2232;-0,676009212;0,064581462;31,93424454
TMEM163_S11;2,031165836;0,006650732;22,3405425
DIDO1_S1726;-0,809946186;0,084090648;32,45568526
TCEB3_S125;-1,030946925;0,077354965;28,71070893
AMER2_S250;-1,391109541;0,030887666;23,87190741
NEMF_S417;-2,141692972;0,012506695;15,48948258
NEMF_S431;-1,90591008;0,045774542;24,11608872
INPP5F_S941;-0,954624846;0,030739882;22,67408917
ATAD2_S849;-1,548257524;0,053552373;27,74500357
MAP2K7_S35;1,20944022;0,044439722;26,59931568
CCDC28B_S46;2,051272635;0,055236281;29,30120189
GBP5_S371;1,211796047;0,01468287;21,53488297
CLASRP_S527.S529;-1,730410825;0,039230071;27,2446565
BRF1_S552;-0,58409398;0,099381919;33,22211805
PCDH1_Y936;1,917058994;0,052009368;23,04014129
PCDH1_S940;2,647893085;0,05780286;28,30811869
PCDH1_S962;4,277298772;0,072568718;17,41386502
SLC43A2_S552;-1,063168597;0,027653202;26,78902792
BCOR_S423;-0,936654506;0,071603762;31,68473515
TPH2_S19;2,106789709;0,033835414;25,79457223
TPH2_S22;1,558988663;0,087590304;28,2948923
OGT_S20;1,930200381;0,066485066;25,88883997
SLTM_S289;-0,518004388;0,006349841;21,62794185
NAV1_S979;1,333333138;0,063772261;30,61882641
SYNJ1_S1160;1,29549839;0,00110271;17,30855776
SYNJ1_T1194;1,218917674;0,064305115;11,97506996
RAPGEF2_S501;2,679516786;0,010914727;13,65907162
RAPGEF2_S579;1,415334234;0,032821579;25,3476297
RAPGEF2_T581;1,378673034;0,025216079;23,15051655
RAPGEF2_S592;1,808656993;0,057624804;29,17200501
RAPGEF2_S1022;0,537404158;0,027466871;19,2499285
RAPGEF2_S1152;1,669767553;0,076433534;17,87696117
RAPGEF2_S1158;1,218081505;0,076072908;17,83142295
RAPGEF2_S1165;1,087143237;0,079807192;28,92288008
RAPGEF2_T1218;1,425759564;0,053497724;24,26779341
RAPGEF2_S1229;2,050038479;0,082298886;21,61497742
RAPGEF2_T1276;5,426450854;0,060975707;11,60226264
EPN2_S192;-1,136090773;0,042630784;28,23605745
EPN2_S195;-1,238041776;0,033158799;26,23479042
EPN2_S468;3,736318098;0,032755733;12,0544681
RFTN2_T408;0,968715026;0,004835079;20,80552206
GNL3_S95;-0,756161039;0,027160525;27,61213032
GNL3_S493;-1,18322738;0,068564054;26,15454041
DIS3L2_S864;-2,640781915;0,009200524;21,35052565
OSBPL11_S182;1,013012149;0,079744681;25,14265023
COPA_S173;-0,756249857;0,025308652;24,82002325
DOCK3_S1763;0,747810645;0,088099837;27,34489605
MICAL3_S1187;1,347099694;0,008228594;22,9761804
HMGCS1_S495;0,863471711;0,022185463;27,51540118
SYN3_S404;3,516850433;0,02122949;16,52086936
GAS2L1_S361;-0,766412102;0,057601612;25,68508626
CPNE5_S103;-1,942563045;0,05108666;28,33467721
CPNE5_S575.S579.S583;-1,465382513;0,067341667;29,02709024
RBM17_S155;-0,410391834;0,048702802;30,32018815
RBM17_Y161;-0,906690037;0,02754629;26,74719385
BCLAF1_S177;-0,415112857;0,008964221;24,45857238
BCLAF1_S181;-0,726795923;0,017315774;21,45211552
BCLAF1_T256;-0,965047244;0,001812916;18,9804234
BCLAF1_S258;-0,910504957;0,009329194;21,78710881
BCLAF1_S261;-0,969756289;0,000495829;16,7676321
BCLAF1_S263;-0,967180712;0,000355419;16,20549821
BCLAF1_S267;-0,968200893;0,000423818;16,69987144
BCLAF1_S383;-1,083914307;0,009884871;23,15098807
BCLAF1_S395;-0,67064466;0,01586705;23,58221088
BCLAF1_T400;-0,71015454;0,014046799;23,07926778
BCLAF1_S494;-1,084744635;0,000787297;18,7405883
_S50;-1,173915994;0,018791633;25,64524036
CYP51A1_S274;2,207972089;0,082111095;29,19826704
TSSC1_S304;1,794083467;0,007592456;15,03768169
TSSC1_S306;1,661732181;0,019274316;18,54190393
TSSC1_S320;1,30616724;0,034825061;27,05890327
UNC13C_Y94;2,676681637;0,049646278;10,21719263
FEZ1_S316;2,366370872;0,012273246;21,68609706
PDXK_S89;2,187338267;0,02225853;23,68781738
CC2D1A_T442;-1,321307159;0,008094328;19,53032979
TDRD7_S885;1,959608255;0,069282417;6,436664253
DNM1L_S622;1,447901132;0,000224557;13,00878863
ANLN_T316;-1,258920781;0,057189851;26,93535368
LSM14A_S183;-0,448279959;0,087590304;33,80819087
AGFG1_S181;1,159512419;0,095185434;28,03952128
SLC38A1_S52;-0,452811728;0,049646278;30,35362409
SLC38A1_T54;-0,655692445;0,022375249;25,40788252
PPP4R1_S482;-0,476476271;0,028417405;26,79180725
MATR3_S596;-1,033781253;0,000295187;11,88235385
MATR3_Y597;-1,113055073;0,00591981;20,54978631
MATR3_S598;-0,729912337;0,001422321;19,85572467
MATR3_S598.S604;-0,375614801;0,006363907;21,63885239
MATR3_S619;-1,005533261;0,037194472;28,07187386
DENND1A_S546;-1,423637542;0,029074154;14,34238602
CDK5RAP2_S1367;-3,289790096;0,013793243;14,4969599
VRK3_S59;-1,903593245;0,099788987;28,47466274
GLCCI1_S248;1,322733643;0,02754629;27,86041162
IRF2BPL_S526;-0,950125508;0,00033125;17,06783645
ABLIM1_S738;0,822693803;0,03139625;20,1076546
MKL1_T488;-0,520838931;0,060011201;18,86580627
WDR33_S1204;-0,827604309;0,05780286;28,9411618
WDR33_Y1282;0,626123899;0,099637383;29,44603785
DCAF8_S100;-1,291153755;0,016055535;23,44142072
HNRNPL_S78;-1,273405427;0,063940729;23,24688822
KIAA0513_T272;-0,553281274;0,024234956;25,43913979
KIAA0513_S275;-0,467065946;0,013828913;24,33972409
ENOX2_S360;-1,206460027;0,091766656;14,9625376
BUD13_S122;-0,838188972;0,01296045;24,77581599
BUD13_S161;-2,021344134;0,085936651;22,00907757
BUD13_T170.S174;-1,368525859;0,07195782;22,62065765
BUD13_S213;-0,747941417;0,094583219;34,9945513
BUD13_S226;-0,671021445;0,026541262;27,50294188
BUD13_S238;-0,867467338;0,000398992;17,49065768
BUD13_S297;-0,69778986;0,001460178;19,3043522
EIF3C_S39;-0,995544055;0,055158123;29,28416789
HID1_S598;-0,780907305;0,064862494;26,52562593
RAB11FIP5_S530;1,988555713;0,056058597;25,45588575
BRD8_S460;-0,931267833;0,018234804;25,35797924
TUT1_S655;-0,598405258;0,086106115;34,31904871
MBOAT2_S472;-0,524769996;0,080746982;32,32576768
NOP14_S96;-0,82730078;0,041663462;28,53844294
THOC1_S560;-0,572896077;0,046039358;30,50287289
IRF2BP1_S384;-1,090258258;0,03442523;28,14279679
PURG_S159;1,26311509;0,086106573;32,48652094
PURG_S159.S166;0,815765439;0,056518646;24,69517738
NUP35_T307;-1,037637526;0,07537028;27,00341792
LRRC8C_S215;-1,540231961;0,037024692;17,8419501
SH3KBP1_S631;1,061098878;0,030810662;24,7123905
SH3KBP1_S633;1,178713585;0,038978811;25,43019757
TBC1D22A_S170;1,263829507;0,058851168;29,74202021
TBC1D22A_S176;1,103202981;0,094583219;33,93042491
TMX1_S245;-0,684061497;0,049588562;30,52732538
PLEKHH3_S506;3,645456707;0,067186521;19,7629226
SGIP1_S36;-0,566460873;0,08540934;33,37075667
SGIP1_Y42;-0,934974349;0,076945824;29,72131773
SGIP1_S156;0,728235343;0,094755644;15,2820497
SGIP1_T180.T182;1,042636901;0,003548949;10,28068016
SGIP1_S489.S491;1,850867123;0,059539772;5,627327244
UBAC1_S98;0,957079796;0,030538766;21,9013173
SIRT2_S23.S25;-2,871229268;0,088119267;22,2585482
SIRT2_S364;0,542580404;0,053095663;30,78644865
SIRT2_T365;0,620917607;0,067472079;31,94110112
SIRT2_S368;1,327156724;0,034398342;28,45269395
KRI1_Y136;-0,670060446;0,060234139;29,67808546
KRI1_S142;-0,849131678;0,055135299;29,63484546
KRI1_T146;-0,806924017;0,040907346;27,44360558
ZDHHC5_S274;2,27396716;0,043224222;28,17113154
ZDHHC5_S406;1,713164212;0,043178912;20,48914965
ZDHHC5_T521;2,823668083;0,006378199;3,142140859
RCC1_S11;-0,916964567;0,009076612;22,19188831
EPM2AIP1_T151;1,320313297;0,04607492;24,17469633
SLC25A3_S31;-1,068872787;0,063591296;23,18325928
RBM39_S136;-0,3551346;0,097369956;35,09853818
CACNG8_S254;1,986257463;0,015474597;8,484683282
RECQL5_S773;-0,852600802;0,076422519;26,09543463
SLC12A5_S963;1,773291804;0,013965029;19,98421093
NRBP2_T407.T409;1,737203626;0,029864663;26,48324459
RAB14_S104;0,908202426;0,041063826;16,2331067
RAB14_Y173;2,543649803;0,067472079;27,55207021
ITM2C_T39;1,684021107;0,086926929;24,33180883
ATP5C1_T144;-0,291803064;0,074207065;22,91003949
ATP5C1_S146;-0,388473786;0,056518646;25,52328048
DDX1_T475;-0,776580759;0,046039358;20,93355353
DDX1_S486;-0,816473582;0,067286398;19,79163859
PTOV1_S53;-1,255647462;0,00136867;17,53064416
CDC42EP1_S19;1,704237827;0,022063047;19,17583351
SNX15_S227;1,207463147;0,065328723;12,09409307
EIF3H_S183;-0,683803123;0,066997956;33,03716771
ZBTB3_S308;-0,81694174;0,071333686;27,96634122
DLG2_Y58;1,448654629;0,08540934;32,76983436
DLG2_S62;1,367454138;0,09230745;33,54440086
DLG2_S528;-0,880032525;0,055158123;15,1659355
BASP1_T31;-0,465485063;0,022185463;27,14656747
DCP1A_Y84;1,156064189;0,031971221;14,90876914
RBM5_S59;-0,652792532;0,00451218;21,71037264
RBM5_S69;-1,526254389;0,004606964;13,43784794
RBM5_S72;-1,025318948;0,001983327;19,52550295
RBM5_Y76;-1,392394167;0,001177831;17,26942643
RBM5_S78;-0,887487656;0,00440293;21,45212345
RBM5_Y82;-0,691003036;0,051817201;27,86773867
ATG13_S360;1,322939166;0,041063826;27,47852321
ARRB2_S361;1,989855028;0,061128567;29,28745067
ARHGAP35_T1173;-0,422735802;0,053172119;28,03431062
ARHGAP35_S1174;-0,360392861;0,043539867;26,47639232
ARHGAP35_S1176;-0,326302352;0,01634831;23,09111905
ARHGAP35_S1179;-0,362230163;0,002901571;19,29009761
TMEM123_S187;-0,805684321;0,017303839;24,41897764
SRGAP1_S909;1,591304604;0,007269787;20,17132355
SRGAP1_S987;1,649386455;0,066944134;12,26789271
DST_S1970;-1,598209974;0,04610507;25,5022214
SMARCA5_S802;0,883641732;0,034065297;24,30795973
TARDBP_S183;-0,827222488;0,021399543;16,57938438
BCL7B_S127;-0,916302288;0,064947266;24,67958244
CLIP1_S159;1,170655869;0,095985981;23,03828831
PRPF3_S619;-0,515119629;0,013026275;25,59998082
DBR1_S494;-1,227513828;0,085555426;7,852298749
DBR1_S520;-1,129325604;0,049588562;27,85117189
TGS1_S405;-1,429819777;0,004788893;18,61817176
MTA3_S516;-0,34677332;0,090797761;29,37131348
MED1_S1477;-1,72837559;0,006147003;13,13430932
MED1_Y1478;-1,447360953;0,020457088;17,69764972
THUMPD1_S86.S88;-1,00291369;0,093205771;34,52449043
PSIP1_T269;-1,067429399;0,00011587;14,36477203
PSIP1_S270;-1,070656606;0,000221993;14,36191595
PSIP1_T271;-0,87639509;0,004913552;20,31311534
PSIP1_S272;-1,076570742;0,000174016;14,26545447
PSIP1_S272.S274;-0,911640919;0,027935399;27,60764994
PSIP1_S274;-1,095517561;0,065906959;31,64336947
GGT7_S73;-0,80420178;0,041663462;22,64604314
GGT7_S83;-0,562328487;0,076441816;30,45156267
GGT7_T88;-0,674048928;0,022112522;20,84488467
MST4_S300;-1,099295701;0,011230121;21,16063986
LSR_S407;1,466533446;0,037194472;12,66109796
REEP3_S209;-1,234451362;0,022063047;16,72115423
HARS2_S66;-0,742480039;0,071194723;27,94732068
EIF2S2_S67;-1,103839875;0,045782683;28,53710311
SNTB1_S86;1,643577183;0,045536329;24,07760857
SNTB1_S388;1,208212152;0,07537028;32,72493559
GPS1_S454;-0,287109134;0,037475302;27,24023316
GPS1_T459;-0,674603729;0,028470432;26,06316283
USP16_S414;-1,571998978;0,087578087;32,99546655
SH3BP5L_S357;-0,808627991;0,059055031;29,06080517
CLCC1_S433;-0,960902165;0,06719743;30,46050162
CSTF3_S691;-0,933942536;0,048661841;30,37152047
YAF2_S166;-1,609335464;0,017303839;22,83832422
NDUFS5_T93;2,232005604;0,064862494;19,48056019
_S19;-1,044211687;0,007258293;21,54918327
ADRBK1_S670;1,0554449;0,009200524;22,08121135
KARS_S393;2,331938051;0,037666085;19,70325206
BRAP_S116;-0,625522248;0,002901571;19,2884608
GIGYF1_S137;1,475587971;0,041041526;23,39998923
RIMS1_S346;0,630913364;0,023149558;26,19213167
RIMS1_S413;0,952764064;0,045781608;28,35419642
RIMS1_S1023;-1,158670591;0,031375912;11,86594968
PARD3_S728;-0,601737157;0,084840412;27,98436762
RTN4_T485;-1,237952841;0,054756685;29,42369799
RTN4_S489;-1,500338159;0,006428286;21,99191909
RTN4_S953;-0,400228893;0,01468287;24,77937351
SLC24A3_S307;1,812479834;0,021579764;24,69118047
SLC24A3_S316;1,709083635;0,099637383;30,23785337
NTM_S135;1,439005341;0,052083796;28,92289434
TRIM33_S1134;-1,056640616;0,017116456;25,68564082
CHCHD1_S100;-1,166085847;0,030843246;24,31939971
DENR_T69;-0,51618284;0,022375249;20,2650832
DENR_S73;-0,339325451;0,031636444;27,11908548
DENR_T81;-0,36610638;0,007077805;14,77265806
PTTG1_S162;1,91779729;0,045536329;27,88711901
FAM134C_T310;-0,520697598;0,020457088;19,68965097
FAM134C_S313;-0,54882338;0,021503782;19,9678944
FAM134C_S320;-0,470296787;0,036136341;21,84837603
FAM134C_S325;-0,628644657;0,006835137;14,66751992
OCIAD1_S108;-0,67488831;0,086883212;34,02225937
PARD3B_S749;-1,043739053;0,08540934;24,16080232
RAVER1_S631;-2,131007677;0,021957533;9,926885223
CD2BP2_S46;-0,744797334;0,024170576;18,59623265
CD2BP2_S196;-1,070178491;0,016527747;22,62967128
RBM33_S816;-1,314081013;0,038978811;27,59243219
SERBP1_S329;-0,535849263;0,038997656;29,90279946
TOMM34_S186;-0,917727409;0,03054963;24,65438214
NSFL1C_S176;-0,924636725;0,027745044;28,4332684
MRPL55_S84;0,795494631;0,093094644;26,50817828
ZCRB1_S216;-1,542665138;0,094583219;32,51057251
HSPA12B_S25;0,435861492;0,097070036;29,19944343
TOMM70A_S94;-0,410375082;0,056058597;29,59207406
TOMM70A_S94.S105;-0,418824716;0,098606645;27,10623664
TOMM70A_S99;-0,409504742;0,081233555;32,18556827
TOMM70A_S113;-0,444194412;0,050260103;26,9666468
TOMM70A_S256;0,933535103;0,088119267;24,47394423
PINX1_S233;-1,434196993;0,006161778;21,29276728
HNRNPM_S617;2,914222109;0,087160217;27,25479516
RNMT_S82;1,810989368;0,000237695;1,354302646
RNMT_S100;1,720592805;0,006798261;17,61504095
LINGO1_Y591;0,934294243;0,02884025;24,95909334
BCL9_S278;-0,75562139;0,028153894;27,64300567
MOBP_S98;1,471082294;0,015087455;24,13969084
DLGAP1_S162;-2,021990358;0,030277769;16,82215816
DLGAP1_T175;-1,989214798;0,072182637;20,44897043
CLVS1_S329;2,040310387;0,003087151;8,35554185
EXOC2_S404;1,372845067;0,016527747;22,36640278
PHF6_T134;-1,317156802;0,049926888;26,89266475
PHF6_S145;-1,108195035;0,006392832;21,96858088
PHF6_S155;-1,474428434;0,000398992;14,39924693
NOP56_S513;-1,14457586;0,067163831;31,66829266
NOP56_S536;-0,678282377;0,004835079;21,57947955
NOP56_S543;-0,9117744;0,006650732;21,26112251
NOP56_T545;-1,120904933;0,018647915;19,2800511
NOP56_S554;-0,623763519;0,012973535;24,46123856
ISCU_S15.S21;0,812542195;0,042693237;22,78920999
FIP1L1_S479;-0,620002304;0,002494273;21,32296848
FIP1L1_S479.S487;-0,423253666;0,088119267;34,74421883
FIP1L1_T481;-0,523054634;0,0396434;29,52946553
FIP1L1_S483;-1,413999517;0,001812916;19,41382496
FIP1L1_S487;-0,991206937;0,000880102;18,88528094
DNAJB4_S38;-1,209557912;0,003176349;18,40740179
EEF1G_S304;1,410573809;0,006147003;10,1389416
SLIRP_S105;-0,98373042;0,079624313;25,12030322
EFHD2_S74;0,994563333;0,001080493;17,38833596
EFHD2_S76;0,935586998;0,093901614;32,94723208
FAM122A_S73;1,788158763;0,039651072;27,08841577
PRKAR1A_S83;-0,778664192;0,016503094;23,54031955
PELP1_T751;-2,133077859;0,085661726;27,09585484
PGAM1_S14;1,161225584;0,027466871;21,2240048
PGAM1_S31;-0,751584375;0,080076035;32,5490993
P33MONOX_S177;-0,352761989;0,050230227;30,80149284
P33MONOX_T179;-0,374463309;0,022375249;26,53738277
P33MONOX_S183;-0,340633707;0,036088358;29,19997418
XRN2_S499;-1,442573225;0,027653202;24,77194458
TJAP1_S452;2,292009603;0,008117771;21,72149391
CYB5R3_Y80;1,703129536;0,00715913;12,3632494
SLC38A3_S53;-0,615700204;0,042740754;9,366306041
_S149;1,344763964;0,009076612;21,07323124
BAP18_S88;-2,111665939;0,015703611;5,185249132
BAP18_S96;-0,574069728;0,030152553;28,97487442
WDR4_T48;-1,516497395;0,063940729;24,54891348
WDR4_S397;-1,05761008;0,084090648;32,96655178
PARVA_S19;-1,781332555;0,015873359;20,56491144
NBEA_T1709;0,713015029;0,04382821;9,546700044
POLD3_S306;-0,555198136;0,01468287;25,84258692
POLD3_T313;-0,642687989;0,065914703;29,83210659
SCYL1_S17;1,826881061;0,055325549;29,31407585
TSC22D4_T223;1,386084479;0,064255437;24,57898677
TSC22D4_S271;2,499614763;0,02075683;2,220067411
MGEA5_S364;-0,625666861;0,095633233;30,52057904
MGEA5_T370;-0,64774313;0,087160217;29,72811029
MGEA5_Y374;-0,59688731;0,080577536;28,34413026
SET_S30;-1,258025449;0,008964221;22,52652165
MAGED2_S191;-0,691671218;0,067135166;32,83873398
MAGED2_S197;-0,672133015;0,011230121;22,45320602
TFIP11_Y52;-0,875959433;0,001062886;15,15205634
TFIP11_S60;-0,938293556;0,076182164;31,49434782
TFIP11_S66;-0,915456738;0,002492774;17,2260653
LIMA1_S360;-1,251022352;0,094391802;34,66920983
STRN3_S229;-0,243675016;0,072395953;32,89718315
NUSAP1_S70;-2,649585987;0,06053938;5,714309588
NUSAP1_T83;-2,29885079;0,00417829;13,16925503
NDEL1_T219;2,364597006;0,071006151;12,7401155
RANBP2_T1842;-1,246523652;0,003040464;8,303543175
RANBP2_S2505;-0,936628733;0,027141129;21,85672057
RANBP2_S2633;-1,869866999;0,096148727;25,26845341
ARHGEF7_S673;-0,344759315;0,093528329;34,30387058
LRBA_S971.S982;-1,097477216;0,011806793;21,3198721
LRBA_S979.S982;-0,736720787;0,030313672;27,65681241
LRBA_S1000;-0,762316658;0,02754629;26,35519156
LRBA_S1003;-0,396891911;0,026732536;23,41366236
TRIM2_S428;-0,391130633;0,073497136;32,78178586
MAPK8IP3_S596;0,689204167;0,003948571;14,76139892
DDX24_S80;-1,408617449;0,01159635;23,14378675
DKC1_S451;-0,8760911;0,061492094;27,40341011
DKC1_S508;-1,339593614;0,032914305;25,95115699
JPH3_S578;0,822836534;0,045536329;24,07577632
JPH3_T581;1,120535839;0,080577536;30,83603532
PALMD_S375;-0,777758188;0,020636099;22,94467684
STK3_S316;-1,849342318;4,2562E-05;13,25689879
STK3_S323;-1,220745747;0,006971195;19,41320312
STK3_T325;-1,569568393;5,81709E-05;12,718652
STK3_S398;1,853498716;0,072512353;29,22648997
SGPP1_S101;-0,57052249;0,004788893;20,01734194
SGPP1_T103;-0,529687849;0,006835137;20,45776958
DDX21_T114;-0,938347271;0,093205771;29,57051293
DDX21_S118;-1,331402947;0,003677789;19,81906656
SV2A_S127;-0,417812389;0,035277907;28,15600379
SV2A_S393;0,880450571;0,044890025;22,07595986
ACIN1_S206;-1,336124765;0,028980648;22,30143837
ACIN1_S210;-1,619231509;0,004788893;19,18877072
ACIN1_S216;-1,104000088;0,022112522;24,80761104
ACIN1_S595;-1,275368987;0,060065961;27,73305355
ACIN1_S1003;-0,766304821;0,014577126;24,3771365
HSPB8_S87;0,881673496;0,083546859;31,97863518
CEND1_S10;-1,288279421;0,00715913;10,69785867
PVRL1_Y435;-1,300923242;0,087160217;24,35997046
NUDT5_S6;-2,36467285;0,040490415;21,39620071
NUDT5_T7;-2,415378954;0,073326252;24,45384273
NUDT5_S10;-2,926674783;0,054721149;22,07168925
NUDT5_T17;-1,973830094;0,050226401;22,79344748
SACS_S1781;0,910532221;0,0960679;31,58318222
DCLK1_S212;2,213996788;0,052579706;25,72117417
DCLK1_S313;2,478650403;0,050209526;17,54077616
DCLK1_S334;0,464152123;0,003548949;20,25048261
DCLK1_T336;0,391046375;0,037194472;26,75889382
DCLK1_S337;0,408815774;0,007355007;21,99163855
DCLK1_S340;0,456495066;0,00827629;21,04442054
DCLK1_S352;1,166504858;0,055794224;10,98601231
MTOR_S567;1,672020902;0,079624313;29,93915474
MINK1_S720;1,071528058;0,012093758;21,64935858
MINK1_S729;1,121129874;0,004788893;19,16815502
USP14_S143;1,040472153;0,067341667;30,69415289
USP14_S148;0,918701156;0,050564698;28,28343518
DNAJA4_S113;1,775549436;0,043053077;23,71570953
DNAJA4_T115;2,026201869;0,068167028;25,07889619
MYO18A_S112;0,937834953;0,041159506;27,51244402
MYO18A_S145.T155;-1,214951418;0,052043206;24,09255506
MYO18A_S151.T155;-0,925853951;0,084090648;29,94939657
MYO18A_S154.T155;-1,250507347;0,074928247;24,66046904
MYO18A_S1994;-1,123240325;0,002155152;11,41272853
MYO18A_S2034;-0,685321303;0,008554964;21,54026854
MYO18A_Y2035;-0,635379211;0,00715913;21,01720044
MYO18A_S2037;-0,59662986;0,027631523;24,08787728
MYO18A_S2039;-0,550610654;0,064791542;29,07508306
RASGRP2_S554;2,878184853;0,016527747;20,74123214
RASGRP2_S556;2,332203847;0,003828156;14,69062474
RASGRP2_S560;1,597020053;0,01468287;19,04500506
RASGRP2_S565;1,445884795;0,002494273;16,73506636
RASGRP2_T569;1,74732884;0,005979465;14,17115743
DKK3_S291;-0,418282473;0,050620894;28,74338611
DKK3_S295;-0,510412091;0,062102883;29,08092425
DKK3_S298;-0,43860587;0,027089701;25,5232496
PTK2B_S375;1,483044195;0,078857366;33,02031034
SRCIN1_S79;1,889000909;0,066272657;27,38561332
SRCIN1_S247;1,188456804;0,014128366;25,59692574
SRCIN1_S293;0,955043671;0,028889067;28,80775312
ASAP1_S732;-0,673497156;0,037097916;27,33131092
ASAP1_S1045;1,411781139;0,062284223;27,9910913
ASAP1_S1140;1,481947413;0,022376499;24,08539509
ASAP1_S1146;1,798927282;0,007446407;22,34354378
PLEC_S725;-0,416797219;0,004721656;20,43185629
PLEC_S728;-0,462964504;0,004589186;20,97105049
PLEC_S1443;-0,680883004;0,025308652;26,52141009
EHD3_S479;1,374230405;0,007153983;10,67698762
MACF1_S4483;-0,574019518;0,042664313;23,6439394
ADD2_S60;0,646209554;0,090130835;32,35820063
ADD2_S618;-2,645540495;0,00140084;18,26168752
ADD2_T622;-3,266662645;0,001824349;12,85057409
ADD2_T626;-2,626133917;0,000398992;9,982160505
ADD2_T669;1,270692984;0,07308516;27,54515133
ADD2_S688;-0,347217901;0,033613068;27,73955651
ADD1_S457;-0,95117568;0,030887666;21,98770065
ADD1_S586;-0,960959484;0,093440015;34,92535101
ADD1_S605;1,186946799;0,006195009;20,11743754
ADD1_S613;0,746107026;0,022375249;24,77413179
NDRG3_S335.S338;-0,699656757;0,063020313;27,56724474
DNAJB2_S250;1,591324174;0,012973535;7,772128643
MAP1A_S1289;0,974148349;0,037194472;28,99118788
MAP1A_S1580;-0,55664697;0,00162234;19,53963211
MAP1A_T2186;2,606933484;0,056881123;25,59094099
MAP1A_Y2191;2,892853284;0,061128567;26,09375735
MAP1A_T2195;2,518632246;0,028505295;20,58887074
MAP1A_S2199;3,334934937;0,014046799;19,46276866
PCLO_S75;1,303046022;0,079744681;21,27882177
PCLO_T204;0,884194269;0,06719743;25,97375153
PCLO_S207;0,912176248;0,071080661;26,42045318
PCLO_S212;1,043723987;0,003013864;18,01043662
PCLO_S1307;1,149896261;0,082615519;25,49518513
PCLO_S1451;-1,310698542;0,037407461;25,96315991
PCLO_S1452;-1,341901947;0,045774721;26,78417645
PCLO_S1457;-1,413312648;0,047782648;27,34520184
PCLO_S1575;-0,729692649;0,063772261;32,13986639
PCLO_S1671;-0,510923514;0,047782648;28,90698938
PCLO_T2303;0,934139118;0,018068655;20,56651866
PCLO_S3545;2,098137337;0,072100163;28,11172533
PCLO_S3616;-0,772401735;0,095069725;32,84195807
PCLO_S3622;-0,860443575;0,081478307;32,00527202
PCLO_S3623;-0,931248183;0,080746982;31,71885192
GAB1_S420;0,58669338;0,055158123;27,13627576
IIGP1_S35;1,267672194;0,093472343;27,82541354
RGS20_S86;-0,734951063;0,086458214;33,48095649
ERCC4_S534;2,89996597;0,052349124;23,08132257
MLLT4_S391;0,928577901;0,074658043;32,74503035
ZRANB2_Y114;-0,688951254;0,094583219;33,23912774
ZRANB2_Y124;-0,943180909;0,0009512;17,11647912
ZRANB2_S153;-0,98951363;0,02754629;26,95076108
ZRANB2_S188;-0,536119869;0,004864637;22,88016377
ZEB2_S1136;-0,955065776;0,079059198;29,3986679
PCM1_S1729;-0,733774525;0,093440015;32,64108687
SYT7_T89;1,567964707;0,020636099;22,5765747
SMAP_S17;-0,851111185;0,002195012;18,29636756
SMAP_S24;-0,895792707;0,029373567;26,03615642
SMAP_S25;-0,934229507;0,016129242;23,47277992
PTGES3_S113;-0,889544424;0,015383055;20,44035687
PTGES3_S118;-0,715285841;0,069366356;26,22738177
RPGR_S518;1,014158611;0,087590304;26,03818497
TMEM176B_S253;-0,385613938;0,080243405;34,73266337
TRIM3_S443;0,56998759;0,074127104;30,50606068
ADAM22_S830;-0,408154332;0,093205771;32,02037234
ADAM22_S832;-0,550885631;0,004788893;20,32431207
AKAP12_S570;-1,449483415;0,054504406;25,94478668
PHF2_S893;-0,811998272;0,079744681;33,66649422
SCN8A_S579;-1,000831826;0,069330146;30,20029962
SCN8A_S713;1,477204466;0,017116456;22,18038989
NCOR2_S550;-1,425726057;0,008094328;16,9355223
NCOR2_S1816.S1819;-2,076977247;0,095062058;29,81049887
STUB1_T15;-0,350917139;0,015087455;23,21603397
STUB1_S20;-0,420058719;0,003828156;18,83102456
STUB1_S24;-0,403098503;0,01234842;22,3907572
GABBR1_T929;1,221971112;0,000787297;17,69281574
EPB49_S226;-0,667404241;0,014105259;25,49086597
EPB49_S269;-0,480075379;0,039270963;27,03084457
EPB41L3_S456;-0,751065104;0,088119267;32,68633765
EPB41L3_T518;1,910063214;0,018900875;12,09982215
EPB41L3_S601;1,018752187;0,018565235;21,68592616
EPB41L3_S804;0,893970316;0,086640561;29,0052805
CAV2_Y19;-0,982000533;0,063772261;30,05216689
MAPK8IP1_S6;2,266364926;0,056923012;23,7159131
MAGI2_S685;1,911616005;0,084090648;28,72404581
ZBTB22_S595;-0,929620314;0,020937046;22,25433963
ZBTB22_S596;-1,610309335;0,017069262;20,32567838
ZBTB22_T597;-1,110560667;0,027089701;24,24209219
ZBTB22_S602;-1,213683807;0,027193437;21,87654841
ZBTB22_S608;-0,854626632;0,074231775;29,84423621
ZBTB22_T610;-1,554464093;0,004125446;16,14469088
CLIP2_S924;2,114214439;0,043178912;25,57591384
PALM_T153.S157;0,614298284;0,096682577;33,45153195
ITSN1_S971;1,646161252;0,009027838;21,48885437
ITSN1_T974;1,861198336;0,022375249;22,62781649
TJP2_Y403;-1,077600842;0,055205759;26,05296343
TJP2_S404;-0,947851855;0,031978573;24,48645621
TJP2_S968;-0,637153944;0,007299801;23,15782774
TJP2_S1133;-0,386356923;0,072665396;30,88497645
TJP2_Y1134;-0,695483408;0,022375249;25,92312055
TJP2_S1136;-0,44580347;0,074928247;32,21242197
KCND3_S569;1,962721317;0,029720789;19,7458727
KCND2_S548;0,628453357;0,098788174;32,90724221
PARD6A_S268;-1,697460811;0,04610507;20,95102232
ADNP_S961;-0,97311509;0,036114802;20,76753436
PLCB1_S410;1,316158178;0,026214398;25,38998272
GYS1_S653;-0,8537306;0,060334416;30,82632621
GYS1_S657;-1,287920444;0,000501382;15,92478752
BAG6_S986;-0,661403031;0,056568584;15,3960896
BAG6_S995;-0,729334456;0,022375249;25,14346627
BAG6_T1000;-1,140522116;0,056486606;25,50750342
BAG6_S1007;-1,703730616;0,006835137;14,67528916
BAG6_S1108;-0,230138194;0,048837941;26,75575484
GAB2_Y603;2,060652415;0,053581362;10,73155513
GAB2_S612;2,133309375;0,022444574;18,32016508
GAB2_S614;3,626909111;0,05795511;5,52726329
AP3B1_S276;-0,826878097;0,057189851;30,82676836
STK39_S397;-2,234533538;0,08540934;28,86552877
STK39_S405;-1,589013292;0,096148727;29,12965916
HNRNPC_S241;-0,673260377;0,014794697;24,47751569
FXYD1_S83;-1,23701179;0,009678554;20,09538187
AEBP2_S199;-1,400384202;0,051164229;29,1705028
AEBP2_S203;-1,099212715;0,036114802;27,02688645
AEBP2_S204;-1,161103965;0,052377197;29,14746353
MTMR1_T659;-0,580937969;0,056005577;20,57213365
MTMR7_S646;-1,149117753;0,094810492;26,74208422
MECP2_S80;-2,633901236;0,001867627;3,493254823
MECP2_S229;0,688654784;0,026162123;22,31105606
MBD2_S410;-1,339281118;0,022185463;20,13103036
EPB41L1_T50;1,757846103;0,048087909;21,17901259
EPB41L1_S546;0,84678163;0,025308652;25,04810796
EPB41L1_S780;1,817705273;0,018647915;21,24805911
UNC119_S37;-0,714097945;0,078173552;23,33892085
DNPEP_T201;2,362771943;0,049928879;23,79113519
KCNQ2_S444;-0,501718976;0,079624313;33,81873927
KCNQ2_S448;-1,327067123;0,002494273;17,34486199
KCNQ2_S450;-0,800066421;0,046254025;26,4833637
RBM6_S346;-1,023388436;0,096148727;30,58381162
RBM6_T348;-1,037188017;0,087656361;29,77788086
RBM6_S353;-1,081785359;0,099381919;30,87119961
RBM6_S362;-0,880186945;0,027315742;20,31024123
